dimension,value,issue_category,issue_count,written_denominator,issue_rate,primary_written_denominator,primary_conditional_rate,meets_minimum,threshold
category,Multi-category,Delivery waiting / non-receipt,54,427,0.12646370023419204,293,0.18430034129692832,True,"written>=100 and issue>=20; descriptive, no significance ranking"
category,Multi-category,Generic / Unclear,18,427,0.04215456674473068,293,0.06143344709897611,False,"written>=100 and issue>=20; descriptive, no significance ranking"
category,Multi-category,Incomplete order / missing units,111,427,0.25995316159250587,293,0.378839590443686,True,"written>=100 and issue>=20; descriptive, no significance ranking"
category,Multi-category,Mixed / rating-text mismatch,7,427,0.01639344262295082,293,0.023890784982935155,False,"written>=100 and issue>=20; descriptive, no significance ranking"
category,Multi-category,Mixed resolution / service,74,427,0.17330210772833723,293,0.2525597269624573,True,"written>=100 and issue>=20; descriptive, no significance ranking"
category,Multi-category,Positive delivery mentions,54,427,0.12646370023419204,293,,True,"written>=100 and issue>=20; descriptive, no significance ranking"
category,Multi-category,Positive generic mentions,33,427,0.07728337236533958,293,,True,"written>=100 and issue>=20; descriptive, no significance ranking"
category,Multi-category,Positive product / overall mentions,47,427,0.11007025761124122,293,,True,"written>=100 and issue>=20; descriptive, no significance ranking"
category,Multi-category,Product condition / mismatch,29,427,0.06791569086651054,293,0.09897610921501707,True,"written>=100 and issue>=20; descriptive, no significance ranking"
category,PT:portateis_cozinha_e_preparadores_de_alimentos,Delivery waiting / non-receipt,0,5,0.0,3,,False,"written>=100 and issue>=20; descriptive, no significance ranking"
category,PT:portateis_cozinha_e_preparadores_de_alimentos,Generic / Unclear,1,5,0.2,3,0.3333333333333333,False,"written>=100 and issue>=20; descriptive, no significance ranking"
category,PT:portateis_cozinha_e_preparadores_de_alimentos,Incomplete order / missing units,0,5,0.0,3,,False,"written>=100 and issue>=20; descriptive, no significance ranking"
category,PT:portateis_cozinha_e_preparadores_de_alimentos,Mixed / rating-text mismatch,0,5,0.0,3,,False,"written>=100 and issue>=20; descriptive, no significance ranking"
category,PT:portateis_cozinha_e_preparadores_de_alimentos,Mixed resolution / service,0,5,0.0,3,,False,"written>=100 and issue>=20; descriptive, no significance ranking"
category,PT:portateis_cozinha_e_preparadores_de_alimentos,Positive delivery mentions,1,5,0.2,3,,False,"written>=100 and issue>=20; descriptive, no significance ranking"
category,PT:portateis_cozinha_e_preparadores_de_alimentos,Positive generic mentions,1,5,0.2,3,,False,"written>=100 and issue>=20; descriptive, no significance ranking"
category,PT:portateis_cozinha_e_preparadores_de_alimentos,Positive product / overall mentions,0,5,0.0,3,,False,"written>=100 and issue>=20; descriptive, no significance ranking"
category,PT:portateis_cozinha_e_preparadores_de_alimentos,Product condition / mismatch,2,5,0.4,3,0.6666666666666666,False,"written>=100 and issue>=20; descriptive, no significance ranking"
category,Unknown,Delivery waiting / non-receipt,44,547,0.08043875685557587,202,0.21782178217821782,True,"written>=100 and issue>=20; descriptive, no significance ranking"
category,Unknown,Generic / Unclear,21,547,0.038391224862888484,202,0.10396039603960396,True,"written>=100 and issue>=20; descriptive, no significance ranking"
category,Unknown,Incomplete order / missing units,21,547,0.038391224862888484,202,0.10396039603960396,True,"written>=100 and issue>=20; descriptive, no significance ranking"
category,Unknown,Mixed / rating-text mismatch,16,547,0.029250457038391225,202,0.07920792079207921,False,"written>=100 and issue>=20; descriptive, no significance ranking"
category,Unknown,Mixed resolution / service,47,547,0.08592321755027423,202,0.23267326732673269,True,"written>=100 and issue>=20; descriptive, no significance ranking"
category,Unknown,Positive delivery mentions,122,547,0.2230347349177331,202,,True,"written>=100 and issue>=20; descriptive, no significance ranking"
category,Unknown,Positive generic mentions,102,547,0.18647166361974407,202,,True,"written>=100 and issue>=20; descriptive, no significance ranking"
category,Unknown,Positive product / overall mentions,121,547,0.22120658135283364,202,,True,"written>=100 and issue>=20; descriptive, no significance ranking"
category,Unknown,Product condition / mismatch,53,547,0.09689213893967093,202,0.2623762376237624,True,"written>=100 and issue>=20; descriptive, no significance ranking"
category,agro_industry_and_commerce,Delivery waiting / non-receipt,2,51,0.0392156862745098,19,0.10526315789473684,False,"written>=100 and issue>=20; descriptive, no significance ranking"
category,agro_industry_and_commerce,Generic / Unclear,3,51,0.058823529411764705,19,0.15789473684210525,False,"written>=100 and issue>=20; descriptive, no significance ranking"
category,agro_industry_and_commerce,Incomplete order / missing units,1,51,0.0196078431372549,19,0.05263157894736842,False,"written>=100 and issue>=20; descriptive, no significance ranking"
category,agro_industry_and_commerce,Mixed / rating-text mismatch,0,51,0.0,19,,False,"written>=100 and issue>=20; descriptive, no significance ranking"
category,agro_industry_and_commerce,Mixed resolution / service,3,51,0.058823529411764705,19,0.15789473684210525,False,"written>=100 and issue>=20; descriptive, no significance ranking"
category,agro_industry_and_commerce,Positive delivery mentions,14,51,0.27450980392156865,19,,False,"written>=100 and issue>=20; descriptive, no significance ranking"
category,agro_industry_and_commerce,Positive generic mentions,7,51,0.13725490196078433,19,,False,"written>=100 and issue>=20; descriptive, no significance ranking"
category,agro_industry_and_commerce,Positive product / overall mentions,11,51,0.21568627450980393,19,,False,"written>=100 and issue>=20; descriptive, no significance ranking"
category,agro_industry_and_commerce,Product condition / mismatch,10,51,0.19607843137254902,19,0.5263157894736842,False,"written>=100 and issue>=20; descriptive, no significance ranking"
category,air_conditioning,Delivery waiting / non-receipt,5,84,0.05952380952380952,30,0.16666666666666666,False,"written>=100 and issue>=20; descriptive, no significance ranking"
category,air_conditioning,Generic / Unclear,3,84,0.03571428571428571,30,0.1,False,"written>=100 and issue>=20; descriptive, no significance ranking"
category,air_conditioning,Incomplete order / missing units,2,84,0.023809523809523808,30,0.06666666666666667,False,"written>=100 and issue>=20; descriptive, no significance ranking"
category,air_conditioning,Mixed / rating-text mismatch,1,84,0.011904761904761904,30,0.03333333333333333,False,"written>=100 and issue>=20; descriptive, no significance ranking"
category,air_conditioning,Mixed resolution / service,14,84,0.16666666666666666,30,0.4666666666666667,False,"written>=100 and issue>=20; descriptive, no significance ranking"
category,air_conditioning,Positive delivery mentions,21,84,0.25,30,,False,"written>=100 and issue>=20; descriptive, no significance ranking"
category,air_conditioning,Positive generic mentions,17,84,0.20238095238095238,30,,False,"written>=100 and issue>=20; descriptive, no significance ranking"
category,air_conditioning,Positive product / overall mentions,16,84,0.19047619047619047,30,,False,"written>=100 and issue>=20; descriptive, no significance ranking"
category,air_conditioning,Product condition / mismatch,5,84,0.05952380952380952,30,0.16666666666666666,False,"written>=100 and issue>=20; descriptive, no significance ranking"
category,art,Delivery waiting / non-receipt,5,71,0.07042253521126761,27,0.18518518518518517,False,"written>=100 and issue>=20; descriptive, no significance ranking"
category,art,Generic / Unclear,2,71,0.028169014084507043,27,0.07407407407407407,False,"written>=100 and issue>=20; descriptive, no significance ranking"
category,art,Incomplete order / missing units,3,71,0.04225352112676056,27,0.1111111111111111,False,"written>=100 and issue>=20; descriptive, no significance ranking"
category,art,Mixed / rating-text mismatch,1,71,0.014084507042253521,27,0.037037037037037035,False,"written>=100 and issue>=20; descriptive, no significance ranking"
category,art,Mixed resolution / service,6,71,0.08450704225352113,27,0.2222222222222222,False,"written>=100 and issue>=20; descriptive, no significance ranking"
category,art,Positive delivery mentions,12,71,0.16901408450704225,27,,False,"written>=100 and issue>=20; descriptive, no significance ranking"
category,art,Positive generic mentions,13,71,0.18309859154929578,27,,False,"written>=100 and issue>=20; descriptive, no significance ranking"
category,art,Positive product / overall mentions,19,71,0.2676056338028169,27,,False,"written>=100 and issue>=20; descriptive, no significance ranking"
category,art,Product condition / mismatch,10,71,0.14084507042253522,27,0.37037037037037035,False,"written>=100 and issue>=20; descriptive, no significance ranking"
category,arts_and_craftmanship,Delivery waiting / non-receipt,0,7,0.0,3,,False,"written>=100 and issue>=20; descriptive, no significance ranking"
category,arts_and_craftmanship,Generic / Unclear,0,7,0.0,3,,False,"written>=100 and issue>=20; descriptive, no significance ranking"
category,arts_and_craftmanship,Incomplete order / missing units,1,7,0.14285714285714285,3,0.3333333333333333,False,"written>=100 and issue>=20; descriptive, no significance ranking"
category,arts_and_craftmanship,Mixed / rating-text mismatch,0,7,0.0,3,,False,"written>=100 and issue>=20; descriptive, no significance ranking"
category,arts_and_craftmanship,Mixed resolution / service,0,7,0.0,3,,False,"written>=100 and issue>=20; descriptive, no significance ranking"
category,arts_and_craftmanship,Positive delivery mentions,3,7,0.42857142857142855,3,,False,"written>=100 and issue>=20; descriptive, no significance ranking"
category,arts_and_craftmanship,Positive generic mentions,0,7,0.0,3,,False,"written>=100 and issue>=20; descriptive, no significance ranking"
category,arts_and_craftmanship,Positive product / overall mentions,1,7,0.14285714285714285,3,,False,"written>=100 and issue>=20; descriptive, no significance ranking"
category,arts_and_craftmanship,Product condition / mismatch,2,7,0.2857142857142857,3,0.6666666666666666,False,"written>=100 and issue>=20; descriptive, no significance ranking"
category,audio,Delivery waiting / non-receipt,19,142,0.13380281690140844,66,0.2878787878787879,False,"written>=100 and issue>=20; descriptive, no significance ranking"
category,audio,Generic / Unclear,3,142,0.02112676056338028,66,0.045454545454545456,False,"written>=100 and issue>=20; descriptive, no significance ranking"
category,audio,Incomplete order / missing units,1,142,0.007042253521126761,66,0.015151515151515152,False,"written>=100 and issue>=20; descriptive, no significance ranking"
category,audio,Mixed / rating-text mismatch,8,142,0.056338028169014086,66,0.12121212121212122,False,"written>=100 and issue>=20; descriptive, no significance ranking"
category,audio,Mixed resolution / service,14,142,0.09859154929577464,66,0.21212121212121213,False,"written>=100 and issue>=20; descriptive, no significance ranking"
category,audio,Positive delivery mentions,30,142,0.2112676056338028,66,,True,"written>=100 and issue>=20; descriptive, no significance ranking"
category,audio,Positive generic mentions,22,142,0.15492957746478872,66,,True,"written>=100 and issue>=20; descriptive, no significance ranking"
category,audio,Positive product / overall mentions,24,142,0.16901408450704225,66,,True,"written>=100 and issue>=20; descriptive, no significance ranking"
category,audio,Product condition / mismatch,21,142,0.14788732394366197,66,0.3181818181818182,True,"written>=100 and issue>=20; descriptive, no significance ranking"
category,auto,Delivery waiting / non-receipt,128,1471,0.08701563562202583,452,0.2831858407079646,True,"written>=100 and issue>=20; descriptive, no significance ranking"
category,auto,Generic / Unclear,41,1471,0.02787219578518015,452,0.09070796460176991,True,"written>=100 and issue>=20; descriptive, no significance ranking"
category,auto,Incomplete order / missing units,52,1471,0.03535010197144799,452,0.11504424778761062,True,"written>=100 and issue>=20; descriptive, no significance ranking"
category,auto,Mixed / rating-text mismatch,42,1471,0.028552005438477225,452,0.09292035398230089,True,"written>=100 and issue>=20; descriptive, no significance ranking"
category,auto,Mixed resolution / service,94,1471,0.06390210740992522,452,0.2079646017699115,True,"written>=100 and issue>=20; descriptive, no significance ranking"
category,auto,Positive delivery mentions,309,1471,0.21006118286879674,452,,True,"written>=100 and issue>=20; descriptive, no significance ranking"
category,auto,Positive generic mentions,335,1471,0.22773623385452074,452,,True,"written>=100 and issue>=20; descriptive, no significance ranking"
category,auto,Positive product / overall mentions,375,1471,0.2549286199864038,452,,True,"written>=100 and issue>=20; descriptive, no significance ranking"
category,auto,Product condition / mismatch,95,1471,0.06458191706322229,452,0.21017699115044247,True,"written>=100 and issue>=20; descriptive, no significance ranking"
category,baby,Delivery waiting / non-receipt,76,901,0.08435072142064373,320,0.2375,True,"written>=100 and issue>=20; descriptive, no significance ranking"
category,baby,Generic / Unclear,21,901,0.023307436182019976,320,0.065625,True,"written>=100 and issue>=20; descriptive, no significance ranking"
category,baby,Incomplete order / missing units,40,901,0.04439511653718091,320,0.125,True,"written>=100 and issue>=20; descriptive, no significance ranking"
category,baby,Mixed / rating-text mismatch,33,901,0.03662597114317425,320,0.103125,True,"written>=100 and issue>=20; descriptive, no significance ranking"
category,baby,Mixed resolution / service,83,901,0.09211986681465038,320,0.259375,True,"written>=100 and issue>=20; descriptive, no significance ranking"
category,baby,Positive delivery mentions,191,901,0.21198668146503885,320,,True,"written>=100 and issue>=20; descriptive, no significance ranking"
category,baby,Positive generic mentions,156,901,0.17314095449500555,320,,True,"written>=100 and issue>=20; descriptive, no significance ranking"
category,baby,Positive product / overall mentions,234,901,0.2597114317425083,320,,True,"written>=100 and issue>=20; descriptive, no significance ranking"
category,baby,Product condition / mismatch,67,901,0.07436182019977802,320,0.209375,True,"written>=100 and issue>=20; descriptive, no significance ranking"
category,bed_bath_table,Delivery waiting / non-receipt,294,3840,0.0765625,1392,0.21120689655172414,True,"written>=100 and issue>=20; descriptive, no significance ranking"
category,bed_bath_table,Generic / Unclear,154,3840,0.04010416666666667,1392,0.11063218390804598,True,"written>=100 and issue>=20; descriptive, no significance ranking"
category,bed_bath_table,Incomplete order / missing units,224,3840,0.058333333333333334,1392,0.16091954022988506,True,"written>=100 and issue>=20; descriptive, no significance ranking"
category,bed_bath_table,Mixed / rating-text mismatch,155,3840,0.040364583333333336,1392,0.11135057471264367,True,"written>=100 and issue>=20; descriptive, no significance ranking"
category,bed_bath_table,Mixed resolution / service,228,3840,0.059375,1392,0.16379310344827586,True,"written>=100 and issue>=20; descriptive, no significance ranking"
category,bed_bath_table,Positive delivery mentions,605,3840,0.15755208333333334,1392,,True,"written>=100 and issue>=20; descriptive, no significance ranking"
category,bed_bath_table,Positive generic mentions,854,3840,0.22239583333333332,1392,,True,"written>=100 and issue>=20; descriptive, no significance ranking"
category,bed_bath_table,Positive product / overall mentions,989,3840,0.25755208333333335,1392,,True,"written>=100 and issue>=20; descriptive, no significance ranking"
category,bed_bath_table,Product condition / mismatch,337,3840,0.08776041666666666,1392,0.24209770114942528,True,"written>=100 and issue>=20; descriptive, no significance ranking"
category,books_general_interest,Delivery waiting / non-receipt,9,142,0.06338028169014084,24,0.375,False,"written>=100 and issue>=20; descriptive, no significance ranking"
category,books_general_interest,Generic / Unclear,5,142,0.035211267605633804,24,0.20833333333333334,False,"written>=100 and issue>=20; descriptive, no significance ranking"
category,books_general_interest,Incomplete order / missing units,4,142,0.028169014084507043,24,0.16666666666666666,False,"written>=100 and issue>=20; descriptive, no significance ranking"
category,books_general_interest,Mixed / rating-text mismatch,4,142,0.028169014084507043,24,0.16666666666666666,False,"written>=100 and issue>=20; descriptive, no significance ranking"
category,books_general_interest,Mixed resolution / service,2,142,0.014084507042253521,24,0.08333333333333333,False,"written>=100 and issue>=20; descriptive, no significance ranking"
category,books_general_interest,Positive delivery mentions,47,142,0.33098591549295775,24,,True,"written>=100 and issue>=20; descriptive, no significance ranking"
category,books_general_interest,Positive generic mentions,39,142,0.2746478873239437,24,,True,"written>=100 and issue>=20; descriptive, no significance ranking"
category,books_general_interest,Positive product / overall mentions,32,142,0.22535211267605634,24,,True,"written>=100 and issue>=20; descriptive, no significance ranking"
category,books_general_interest,Product condition / mismatch,0,142,0.0,24,,False,"written>=100 and issue>=20; descriptive, no significance ranking"
category,books_imported,Delivery waiting / non-receipt,1,11,0.09090909090909091,5,0.2,False,"written>=100 and issue>=20; descriptive, no significance ranking"
category,books_imported,Generic / Unclear,0,11,0.0,5,,False,"written>=100 and issue>=20; descriptive, no significance ranking"
category,books_imported,Incomplete order / missing units,2,11,0.18181818181818182,5,0.4,False,"written>=100 and issue>=20; descriptive, no significance ranking"
category,books_imported,Mixed / rating-text mismatch,0,11,0.0,5,,False,"written>=100 and issue>=20; descriptive, no significance ranking"
category,books_imported,Mixed resolution / service,2,11,0.18181818181818182,5,0.4,False,"written>=100 and issue>=20; descriptive, no significance ranking"
category,books_imported,Positive delivery mentions,4,11,0.36363636363636365,5,,False,"written>=100 and issue>=20; descriptive, no significance ranking"
category,books_imported,Positive generic mentions,2,11,0.18181818181818182,5,,False,"written>=100 and issue>=20; descriptive, no significance ranking"
category,books_imported,Positive product / overall mentions,0,11,0.0,5,,False,"written>=100 and issue>=20; descriptive, no significance ranking"
category,books_imported,Product condition / mismatch,0,11,0.0,5,,False,"written>=100 and issue>=20; descriptive, no significance ranking"
category,books_technical,Delivery waiting / non-receipt,3,71,0.04225352112676056,15,0.2,False,"written>=100 and issue>=20; descriptive, no significance ranking"
category,books_technical,Generic / Unclear,2,71,0.028169014084507043,15,0.13333333333333333,False,"written>=100 and issue>=20; descriptive, no significance ranking"
category,books_technical,Incomplete order / missing units,1,71,0.014084507042253521,15,0.06666666666666667,False,"written>=100 and issue>=20; descriptive, no significance ranking"
category,books_technical,Mixed / rating-text mismatch,0,71,0.0,15,,False,"written>=100 and issue>=20; descriptive, no significance ranking"
category,books_technical,Mixed resolution / service,6,71,0.08450704225352113,15,0.4,False,"written>=100 and issue>=20; descriptive, no significance ranking"
category,books_technical,Positive delivery mentions,25,71,0.352112676056338,15,,False,"written>=100 and issue>=20; descriptive, no significance ranking"
category,books_technical,Positive generic mentions,17,71,0.23943661971830985,15,,False,"written>=100 and issue>=20; descriptive, no significance ranking"
category,books_technical,Positive product / overall mentions,14,71,0.19718309859154928,15,,False,"written>=100 and issue>=20; descriptive, no significance ranking"
category,books_technical,Product condition / mismatch,3,71,0.04225352112676056,15,0.2,False,"written>=100 and issue>=20; descriptive, no significance ranking"
category,cds_dvds_musicals,Delivery waiting / non-receipt,0,5,0.0,1,,False,"written>=100 and issue>=20; descriptive, no significance ranking"
category,cds_dvds_musicals,Generic / Unclear,1,5,0.2,1,1.0,False,"written>=100 and issue>=20; descriptive, no significance ranking"
category,cds_dvds_musicals,Incomplete order / missing units,0,5,0.0,1,,False,"written>=100 and issue>=20; descriptive, no significance ranking"
category,cds_dvds_musicals,Mixed / rating-text mismatch,0,5,0.0,1,,False,"written>=100 and issue>=20; descriptive, no significance ranking"
category,cds_dvds_musicals,Mixed resolution / service,0,5,0.0,1,,False,"written>=100 and issue>=20; descriptive, no significance ranking"
category,cds_dvds_musicals,Positive delivery mentions,0,5,0.0,1,,False,"written>=100 and issue>=20; descriptive, no significance ranking"
category,cds_dvds_musicals,Positive generic mentions,3,5,0.6,1,,False,"written>=100 and issue>=20; descriptive, no significance ranking"
category,cds_dvds_musicals,Positive product / overall mentions,1,5,0.2,1,,False,"written>=100 and issue>=20; descriptive, no significance ranking"
category,cds_dvds_musicals,Product condition / mismatch,0,5,0.0,1,,False,"written>=100 and issue>=20; descriptive, no significance ranking"
category,christmas_supplies,Delivery waiting / non-receipt,6,49,0.12244897959183673,15,0.4,False,"written>=100 and issue>=20; descriptive, no significance ranking"
category,christmas_supplies,Generic / Unclear,0,49,0.0,15,,False,"written>=100 and issue>=20; descriptive, no significance ranking"
category,christmas_supplies,Incomplete order / missing units,3,49,0.061224489795918366,15,0.2,False,"written>=100 and issue>=20; descriptive, no significance ranking"
category,christmas_supplies,Mixed / rating-text mismatch,1,49,0.02040816326530612,15,0.06666666666666667,False,"written>=100 and issue>=20; descriptive, no significance ranking"
category,christmas_supplies,Mixed resolution / service,4,49,0.08163265306122448,15,0.26666666666666666,False,"written>=100 and issue>=20; descriptive, no significance ranking"
category,christmas_supplies,Positive delivery mentions,11,49,0.22448979591836735,15,,False,"written>=100 and issue>=20; descriptive, no significance ranking"
category,christmas_supplies,Positive generic mentions,9,49,0.1836734693877551,15,,False,"written>=100 and issue>=20; descriptive, no significance ranking"
category,christmas_supplies,Positive product / overall mentions,14,49,0.2857142857142857,15,,False,"written>=100 and issue>=20; descriptive, no significance ranking"
category,christmas_supplies,Product condition / mismatch,1,49,0.02040816326530612,15,0.06666666666666667,False,"written>=100 and issue>=20; descriptive, no significance ranking"
category,cine_photo,Delivery waiting / non-receipt,1,17,0.058823529411764705,4,0.25,False,"written>=100 and issue>=20; descriptive, no significance ranking"
category,cine_photo,Generic / Unclear,0,17,0.0,4,,False,"written>=100 and issue>=20; descriptive, no significance ranking"
category,cine_photo,Incomplete order / missing units,1,17,0.058823529411764705,4,0.25,False,"written>=100 and issue>=20; descriptive, no significance ranking"
category,cine_photo,Mixed / rating-text mismatch,0,17,0.0,4,,False,"written>=100 and issue>=20; descriptive, no significance ranking"
category,cine_photo,Mixed resolution / service,0,17,0.0,4,,False,"written>=100 and issue>=20; descriptive, no significance ranking"
category,cine_photo,Positive delivery mentions,2,17,0.11764705882352941,4,,False,"written>=100 and issue>=20; descriptive, no significance ranking"
category,cine_photo,Positive generic mentions,6,17,0.35294117647058826,4,,False,"written>=100 and issue>=20; descriptive, no significance ranking"
category,cine_photo,Positive product / overall mentions,5,17,0.29411764705882354,4,,False,"written>=100 and issue>=20; descriptive, no significance ranking"
category,cine_photo,Product condition / mismatch,2,17,0.11764705882352941,4,0.5,False,"written>=100 and issue>=20; descriptive, no significance ranking"
category,computers,Delivery waiting / non-receipt,4,70,0.05714285714285714,16,0.25,False,"written>=100 and issue>=20; descriptive, no significance ranking"
category,computers,Generic / Unclear,1,70,0.014285714285714285,16,0.0625,False,"written>=100 and issue>=20; descriptive, no significance ranking"
category,computers,Incomplete order / missing units,1,70,0.014285714285714285,16,0.0625,False,"written>=100 and issue>=20; descriptive, no significance ranking"
category,computers,Mixed / rating-text mismatch,1,70,0.014285714285714285,16,0.0625,False,"written>=100 and issue>=20; descriptive, no significance ranking"
category,computers,Mixed resolution / service,5,70,0.07142857142857142,16,0.3125,False,"written>=100 and issue>=20; descriptive, no significance ranking"
category,computers,Positive delivery mentions,20,70,0.2857142857142857,16,,False,"written>=100 and issue>=20; descriptive, no significance ranking"
category,computers,Positive generic mentions,19,70,0.2714285714285714,16,,False,"written>=100 and issue>=20; descriptive, no significance ranking"
category,computers,Positive product / overall mentions,15,70,0.21428571428571427,16,,False,"written>=100 and issue>=20; descriptive, no significance ranking"
category,computers,Product condition / mismatch,4,70,0.05714285714285714,16,0.25,False,"written>=100 and issue>=20; descriptive, no significance ranking"
category,computers_accessories,Delivery waiting / non-receipt,209,2448,0.08537581699346405,915,0.2284153005464481,True,"written>=100 and issue>=20; descriptive, no significance ranking"
category,computers_accessories,Generic / Unclear,91,2448,0.037173202614379085,915,0.0994535519125683,True,"written>=100 and issue>=20; descriptive, no significance ranking"
category,computers_accessories,Incomplete order / missing units,103,2448,0.042075163398692814,915,0.11256830601092896,True,"written>=100 and issue>=20; descriptive, no significance ranking"
category,computers_accessories,Mixed / rating-text mismatch,53,2448,0.02165032679738562,915,0.05792349726775956,True,"written>=100 and issue>=20; descriptive, no significance ranking"
category,computers_accessories,Mixed resolution / service,237,2448,0.09681372549019608,915,0.25901639344262295,True,"written>=100 and issue>=20; descriptive, no significance ranking"
category,computers_accessories,Positive delivery mentions,574,2448,0.23447712418300654,915,,True,"written>=100 and issue>=20; descriptive, no significance ranking"
category,computers_accessories,Positive generic mentions,438,2448,0.17892156862745098,915,,True,"written>=100 and issue>=20; descriptive, no significance ranking"
category,computers_accessories,Positive product / overall mentions,521,2448,0.2128267973856209,915,,True,"written>=100 and issue>=20; descriptive, no significance ranking"
category,computers_accessories,Product condition / mismatch,222,2448,0.09068627450980392,915,0.24262295081967214,True,"written>=100 and issue>=20; descriptive, no significance ranking"
category,consoles_games,Delivery waiting / non-receipt,28,344,0.08139534883720931,112,0.25,True,"written>=100 and issue>=20; descriptive, no significance ranking"
category,consoles_games,Generic / Unclear,13,344,0.0377906976744186,112,0.11607142857142858,False,"written>=100 and issue>=20; descriptive, no significance ranking"
category,consoles_games,Incomplete order / missing units,13,344,0.0377906976744186,112,0.11607142857142858,False,"written>=100 and issue>=20; descriptive, no significance ranking"
category,consoles_games,Mixed / rating-text mismatch,9,344,0.02616279069767442,112,0.08035714285714286,False,"written>=100 and issue>=20; descriptive, no significance ranking"
category,consoles_games,Mixed resolution / service,29,344,0.08430232558139535,112,0.25892857142857145,True,"written>=100 and issue>=20; descriptive, no significance ranking"
category,consoles_games,Positive delivery mentions,104,344,0.3023255813953488,112,,True,"written>=100 and issue>=20; descriptive, no significance ranking"
category,consoles_games,Positive generic mentions,56,344,0.16279069767441862,112,,True,"written>=100 and issue>=20; descriptive, no significance ranking"
category,consoles_games,Positive product / overall mentions,72,344,0.20930232558139536,112,,True,"written>=100 and issue>=20; descriptive, no significance ranking"
category,consoles_games,Product condition / mismatch,20,344,0.05813953488372093,112,0.17857142857142858,True,"written>=100 and issue>=20; descriptive, no significance ranking"
category,construction_tools_construction,Delivery waiting / non-receipt,21,236,0.08898305084745763,82,0.25609756097560976,True,"written>=100 and issue>=20; descriptive, no significance ranking"
category,construction_tools_construction,Generic / Unclear,8,236,0.03389830508474576,82,0.0975609756097561,False,"written>=100 and issue>=20; descriptive, no significance ranking"
category,construction_tools_construction,Incomplete order / missing units,12,236,0.05084745762711865,82,0.14634146341463414,False,"written>=100 and issue>=20; descriptive, no significance ranking"
category,construction_tools_construction,Mixed / rating-text mismatch,5,236,0.0211864406779661,82,0.06097560975609756,False,"written>=100 and issue>=20; descriptive, no significance ranking"
category,construction_tools_construction,Mixed resolution / service,18,236,0.07627118644067797,82,0.21951219512195122,False,"written>=100 and issue>=20; descriptive, no significance ranking"
category,construction_tools_construction,Positive delivery mentions,44,236,0.1864406779661017,82,,True,"written>=100 and issue>=20; descriptive, no significance ranking"
category,construction_tools_construction,Positive generic mentions,44,236,0.1864406779661017,82,,True,"written>=100 and issue>=20; descriptive, no significance ranking"
category,construction_tools_construction,Positive product / overall mentions,66,236,0.2796610169491525,82,,True,"written>=100 and issue>=20; descriptive, no significance ranking"
category,construction_tools_construction,Product condition / mismatch,18,236,0.07627118644067797,82,0.21951219512195122,False,"written>=100 and issue>=20; descriptive, no significance ranking"
category,construction_tools_lights,Delivery waiting / non-receipt,2,57,0.03508771929824561,19,0.10526315789473684,False,"written>=100 and issue>=20; descriptive, no significance ranking"
category,construction_tools_lights,Generic / Unclear,5,57,0.08771929824561403,19,0.2631578947368421,False,"written>=100 and issue>=20; descriptive, no significance ranking"
category,construction_tools_lights,Incomplete order / missing units,3,57,0.05263157894736842,19,0.15789473684210525,False,"written>=100 and issue>=20; descriptive, no significance ranking"
category,construction_tools_lights,Mixed / rating-text mismatch,3,57,0.05263157894736842,19,0.15789473684210525,False,"written>=100 and issue>=20; descriptive, no significance ranking"
category,construction_tools_lights,Mixed resolution / service,3,57,0.05263157894736842,19,0.15789473684210525,False,"written>=100 and issue>=20; descriptive, no significance ranking"
category,construction_tools_lights,Positive delivery mentions,13,57,0.22807017543859648,19,,False,"written>=100 and issue>=20; descriptive, no significance ranking"
category,construction_tools_lights,Positive generic mentions,11,57,0.19298245614035087,19,,False,"written>=100 and issue>=20; descriptive, no significance ranking"
category,construction_tools_lights,Positive product / overall mentions,14,57,0.24561403508771928,19,,False,"written>=100 and issue>=20; descriptive, no significance ranking"
category,construction_tools_lights,Product condition / mismatch,3,57,0.05263157894736842,19,0.15789473684210525,False,"written>=100 and issue>=20; descriptive, no significance ranking"
category,construction_tools_safety,Delivery waiting / non-receipt,4,51,0.0784313725490196,21,0.19047619047619047,False,"written>=100 and issue>=20; descriptive, no significance ranking"
category,construction_tools_safety,Generic / Unclear,0,51,0.0,21,,False,"written>=100 and issue>=20; descriptive, no significance ranking"
category,construction_tools_safety,Incomplete order / missing units,1,51,0.0196078431372549,21,0.047619047619047616,False,"written>=100 and issue>=20; descriptive, no significance ranking"
category,construction_tools_safety,Mixed / rating-text mismatch,3,51,0.058823529411764705,21,0.14285714285714285,False,"written>=100 and issue>=20; descriptive, no significance ranking"
category,construction_tools_safety,Mixed resolution / service,7,51,0.13725490196078433,21,0.3333333333333333,False,"written>=100 and issue>=20; descriptive, no significance ranking"
category,construction_tools_safety,Positive delivery mentions,9,51,0.17647058823529413,21,,False,"written>=100 and issue>=20; descriptive, no significance ranking"
category,construction_tools_safety,Positive generic mentions,9,51,0.17647058823529413,21,,False,"written>=100 and issue>=20; descriptive, no significance ranking"
category,construction_tools_safety,Positive product / overall mentions,12,51,0.23529411764705882,21,,False,"written>=100 and issue>=20; descriptive, no significance ranking"
category,construction_tools_safety,Product condition / mismatch,6,51,0.11764705882352941,21,0.2857142857142857,False,"written>=100 and issue>=20; descriptive, no significance ranking"
category,cool_stuff,Delivery waiting / non-receipt,74,1384,0.05346820809248555,355,0.2084507042253521,True,"written>=100 and issue>=20; descriptive, no significance ranking"
category,cool_stuff,Generic / Unclear,43,1384,0.03106936416184971,355,0.12112676056338029,True,"written>=100 and issue>=20; descriptive, no significance ranking"
category,cool_stuff,Incomplete order / missing units,30,1384,0.02167630057803468,355,0.08450704225352113,True,"written>=100 and issue>=20; descriptive, no significance ranking"
category,cool_stuff,Mixed / rating-text mismatch,41,1384,0.029624277456647398,355,0.11549295774647887,True,"written>=100 and issue>=20; descriptive, no significance ranking"
category,cool_stuff,Mixed resolution / service,86,1384,0.06213872832369942,355,0.24225352112676057,True,"written>=100 and issue>=20; descriptive, no significance ranking"
category,cool_stuff,Positive delivery mentions,357,1384,0.2579479768786127,355,,True,"written>=100 and issue>=20; descriptive, no significance ranking"
category,cool_stuff,Positive generic mentions,292,1384,0.21098265895953758,355,,True,"written>=100 and issue>=20; descriptive, no significance ranking"
category,cool_stuff,Positive product / overall mentions,380,1384,0.2745664739884393,355,,True,"written>=100 and issue>=20; descriptive, no significance ranking"
category,cool_stuff,Product condition / mismatch,81,1384,0.05852601156069364,355,0.22816901408450704,True,"written>=100 and issue>=20; descriptive, no significance ranking"
category,costruction_tools_garden,Delivery waiting / non-receipt,4,73,0.0547945205479452,15,0.26666666666666666,False,"written>=100 and issue>=20; descriptive, no significance ranking"
category,costruction_tools_garden,Generic / Unclear,1,73,0.0136986301369863,15,0.06666666666666667,False,"written>=100 and issue>=20; descriptive, no significance ranking"
category,costruction_tools_garden,Incomplete order / missing units,3,73,0.0410958904109589,15,0.2,False,"written>=100 and issue>=20; descriptive, no significance ranking"
category,costruction_tools_garden,Mixed / rating-text mismatch,0,73,0.0,15,,False,"written>=100 and issue>=20; descriptive, no significance ranking"
category,costruction_tools_garden,Mixed resolution / service,4,73,0.0547945205479452,15,0.26666666666666666,False,"written>=100 and issue>=20; descriptive, no significance ranking"
category,costruction_tools_garden,Positive delivery mentions,12,73,0.1643835616438356,15,,False,"written>=100 and issue>=20; descriptive, no significance ranking"
category,costruction_tools_garden,Positive generic mentions,19,73,0.2602739726027397,15,,False,"written>=100 and issue>=20; descriptive, no significance ranking"
category,costruction_tools_garden,Positive product / overall mentions,27,73,0.3698630136986301,15,,False,"written>=100 and issue>=20; descriptive, no significance ranking"
category,costruction_tools_garden,Product condition / mismatch,3,73,0.0410958904109589,15,0.2,False,"written>=100 and issue>=20; descriptive, no significance ranking"
category,costruction_tools_tools,Delivery waiting / non-receipt,0,38,0.0,5,,False,"written>=100 and issue>=20; descriptive, no significance ranking"
category,costruction_tools_tools,Generic / Unclear,1,38,0.02631578947368421,5,0.2,False,"written>=100 and issue>=20; descriptive, no significance ranking"
category,costruction_tools_tools,Incomplete order / missing units,0,38,0.0,5,,False,"written>=100 and issue>=20; descriptive, no significance ranking"
category,costruction_tools_tools,Mixed / rating-text mismatch,0,38,0.0,5,,False,"written>=100 and issue>=20; descriptive, no significance ranking"
category,costruction_tools_tools,Mixed resolution / service,2,38,0.05263157894736842,5,0.4,False,"written>=100 and issue>=20; descriptive, no significance ranking"
category,costruction_tools_tools,Positive delivery mentions,18,38,0.47368421052631576,5,,False,"written>=100 and issue>=20; descriptive, no significance ranking"
category,costruction_tools_tools,Positive generic mentions,6,38,0.15789473684210525,5,,False,"written>=100 and issue>=20; descriptive, no significance ranking"
category,costruction_tools_tools,Positive product / overall mentions,9,38,0.23684210526315788,5,,False,"written>=100 and issue>=20; descriptive, no significance ranking"
category,costruction_tools_tools,Product condition / mismatch,2,38,0.05263157894736842,5,0.4,False,"written>=100 and issue>=20; descriptive, no significance ranking"
category,diapers_and_hygiene,Delivery waiting / non-receipt,1,5,0.2,3,0.3333333333333333,False,"written>=100 and issue>=20; descriptive, no significance ranking"
category,diapers_and_hygiene,Generic / Unclear,0,5,0.0,3,,False,"written>=100 and issue>=20; descriptive, no significance ranking"
category,diapers_and_hygiene,Incomplete order / missing units,2,5,0.4,3,0.6666666666666666,False,"written>=100 and issue>=20; descriptive, no significance ranking"
category,diapers_and_hygiene,Mixed / rating-text mismatch,0,5,0.0,3,,False,"written>=100 and issue>=20; descriptive, no significance ranking"
category,diapers_and_hygiene,Mixed resolution / service,0,5,0.0,3,,False,"written>=100 and issue>=20; descriptive, no significance ranking"
category,diapers_and_hygiene,Positive delivery mentions,1,5,0.2,3,,False,"written>=100 and issue>=20; descriptive, no significance ranking"
category,diapers_and_hygiene,Positive generic mentions,0,5,0.0,3,,False,"written>=100 and issue>=20; descriptive, no significance ranking"
category,diapers_and_hygiene,Positive product / overall mentions,1,5,0.2,3,,False,"written>=100 and issue>=20; descriptive, no significance ranking"
category,diapers_and_hygiene,Product condition / mismatch,0,5,0.0,3,,False,"written>=100 and issue>=20; descriptive, no significance ranking"
category,drinks,Delivery waiting / non-receipt,5,101,0.04950495049504951,31,0.16129032258064516,False,"written>=100 and issue>=20; descriptive, no significance ranking"
category,drinks,Generic / Unclear,6,101,0.0594059405940594,31,0.1935483870967742,False,"written>=100 and issue>=20; descriptive, no significance ranking"
category,drinks,Incomplete order / missing units,8,101,0.07920792079207921,31,0.25806451612903225,False,"written>=100 and issue>=20; descriptive, no significance ranking"
category,drinks,Mixed / rating-text mismatch,1,101,0.009900990099009901,31,0.03225806451612903,False,"written>=100 and issue>=20; descriptive, no significance ranking"
category,drinks,Mixed resolution / service,3,101,0.0297029702970297,31,0.0967741935483871,False,"written>=100 and issue>=20; descriptive, no significance ranking"
category,drinks,Positive delivery mentions,21,101,0.2079207920792079,31,,True,"written>=100 and issue>=20; descriptive, no significance ranking"
category,drinks,Positive generic mentions,22,101,0.21782178217821782,31,,True,"written>=100 and issue>=20; descriptive, no significance ranking"
category,drinks,Positive product / overall mentions,27,101,0.26732673267326734,31,,True,"written>=100 and issue>=20; descriptive, no significance ranking"
category,drinks,Product condition / mismatch,8,101,0.07920792079207921,31,0.25806451612903225,False,"written>=100 and issue>=20; descriptive, no significance ranking"
category,dvds_blu_ray,Delivery waiting / non-receipt,0,17,0.0,4,,False,"written>=100 and issue>=20; descriptive, no significance ranking"
category,dvds_blu_ray,Generic / Unclear,1,17,0.058823529411764705,4,0.25,False,"written>=100 and issue>=20; descriptive, no significance ranking"
category,dvds_blu_ray,Incomplete order / missing units,1,17,0.058823529411764705,4,0.25,False,"written>=100 and issue>=20; descriptive, no significance ranking"
category,dvds_blu_ray,Mixed / rating-text mismatch,0,17,0.0,4,,False,"written>=100 and issue>=20; descriptive, no significance ranking"
category,dvds_blu_ray,Mixed resolution / service,2,17,0.11764705882352941,4,0.5,False,"written>=100 and issue>=20; descriptive, no significance ranking"
category,dvds_blu_ray,Positive delivery mentions,5,17,0.29411764705882354,4,,False,"written>=100 and issue>=20; descriptive, no significance ranking"
category,dvds_blu_ray,Positive generic mentions,6,17,0.35294117647058826,4,,False,"written>=100 and issue>=20; descriptive, no significance ranking"
category,dvds_blu_ray,Positive product / overall mentions,2,17,0.11764705882352941,4,,False,"written>=100 and issue>=20; descriptive, no significance ranking"
category,dvds_blu_ray,Product condition / mismatch,0,17,0.0,4,,False,"written>=100 and issue>=20; descriptive, no significance ranking"
category,electronics,Delivery waiting / non-receipt,85,966,0.08799171842650104,307,0.2768729641693811,True,"written>=100 and issue>=20; descriptive, no significance ranking"
category,electronics,Generic / Unclear,30,966,0.031055900621118012,307,0.09771986970684039,True,"written>=100 and issue>=20; descriptive, no significance ranking"
category,electronics,Incomplete order / missing units,29,966,0.030020703933747412,307,0.09446254071661238,True,"written>=100 and issue>=20; descriptive, no significance ranking"
category,electronics,Mixed / rating-text mismatch,20,966,0.020703933747412008,307,0.06514657980456026,True,"written>=100 and issue>=20; descriptive, no significance ranking"
category,electronics,Mixed resolution / service,89,966,0.09213250517598344,307,0.2899022801302932,True,"written>=100 and issue>=20; descriptive, no significance ranking"
category,electronics,Positive delivery mentions,233,966,0.2412008281573499,307,,True,"written>=100 and issue>=20; descriptive, no significance ranking"
category,electronics,Positive generic mentions,192,966,0.19875776397515527,307,,True,"written>=100 and issue>=20; descriptive, no significance ranking"
category,electronics,Positive product / overall mentions,234,966,0.2422360248447205,307,,True,"written>=100 and issue>=20; descriptive, no significance ranking"
category,electronics,Product condition / mismatch,54,966,0.055900621118012424,307,0.1758957654723127,True,"written>=100 and issue>=20; descriptive, no significance ranking"
category,fashio_female_clothing,Delivery waiting / non-receipt,0,18,0.0,9,,False,"written>=100 and issue>=20; descriptive, no significance ranking"
category,fashio_female_clothing,Generic / Unclear,3,18,0.16666666666666666,9,0.3333333333333333,False,"written>=100 and issue>=20; descriptive, no significance ranking"
category,fashio_female_clothing,Incomplete order / missing units,0,18,0.0,9,,False,"written>=100 and issue>=20; descriptive, no significance ranking"
category,fashio_female_clothing,Mixed / rating-text mismatch,1,18,0.05555555555555555,9,0.1111111111111111,False,"written>=100 and issue>=20; descriptive, no significance ranking"
category,fashio_female_clothing,Mixed resolution / service,2,18,0.1111111111111111,9,0.2222222222222222,False,"written>=100 and issue>=20; descriptive, no significance ranking"
category,fashio_female_clothing,Positive delivery mentions,5,18,0.2777777777777778,9,,False,"written>=100 and issue>=20; descriptive, no significance ranking"
category,fashio_female_clothing,Positive generic mentions,3,18,0.16666666666666666,9,,False,"written>=100 and issue>=20; descriptive, no significance ranking"
category,fashio_female_clothing,Positive product / overall mentions,1,18,0.05555555555555555,9,,False,"written>=100 and issue>=20; descriptive, no significance ranking"
category,fashio_female_clothing,Product condition / mismatch,3,18,0.16666666666666666,9,0.3333333333333333,False,"written>=100 and issue>=20; descriptive, no significance ranking"
category,fashion_bags_accessories,Delivery waiting / non-receipt,35,694,0.05043227665706052,172,0.20348837209302326,True,"written>=100 and issue>=20; descriptive, no significance ranking"
category,fashion_bags_accessories,Generic / Unclear,16,694,0.023054755043227664,172,0.09302325581395349,False,"written>=100 and issue>=20; descriptive, no significance ranking"
category,fashion_bags_accessories,Incomplete order / missing units,29,694,0.04178674351585014,172,0.1686046511627907,True,"written>=100 and issue>=20; descriptive, no significance ranking"
category,fashion_bags_accessories,Mixed / rating-text mismatch,19,694,0.027377521613832854,172,0.11046511627906977,False,"written>=100 and issue>=20; descriptive, no significance ranking"
category,fashion_bags_accessories,Mixed resolution / service,49,694,0.07060518731988473,172,0.28488372093023256,True,"written>=100 and issue>=20; descriptive, no significance ranking"
category,fashion_bags_accessories,Positive delivery mentions,120,694,0.1729106628242075,172,,True,"written>=100 and issue>=20; descriptive, no significance ranking"
category,fashion_bags_accessories,Positive generic mentions,183,694,0.26368876080691644,172,,True,"written>=100 and issue>=20; descriptive, no significance ranking"
category,fashion_bags_accessories,Positive product / overall mentions,219,694,0.31556195965417866,172,,True,"written>=100 and issue>=20; descriptive, no significance ranking"
category,fashion_bags_accessories,Product condition / mismatch,24,694,0.0345821325648415,172,0.13953488372093023,True,"written>=100 and issue>=20; descriptive, no significance ranking"
category,fashion_childrens_clothes,Delivery waiting / non-receipt,0,1,0.0,0,,False,"written>=100 and issue>=20; descriptive, no significance ranking"
category,fashion_childrens_clothes,Generic / Unclear,0,1,0.0,0,,False,"written>=100 and issue>=20; descriptive, no significance ranking"
category,fashion_childrens_clothes,Incomplete order / missing units,0,1,0.0,0,,False,"written>=100 and issue>=20; descriptive, no significance ranking"
category,fashion_childrens_clothes,Mixed / rating-text mismatch,0,1,0.0,0,,False,"written>=100 and issue>=20; descriptive, no significance ranking"
category,fashion_childrens_clothes,Mixed resolution / service,0,1,0.0,0,,False,"written>=100 and issue>=20; descriptive, no significance ranking"
category,fashion_childrens_clothes,Positive delivery mentions,0,1,0.0,0,,False,"written>=100 and issue>=20; descriptive, no significance ranking"
category,fashion_childrens_clothes,Positive generic mentions,0,1,0.0,0,,False,"written>=100 and issue>=20; descriptive, no significance ranking"
category,fashion_childrens_clothes,Positive product / overall mentions,1,1,1.0,0,,False,"written>=100 and issue>=20; descriptive, no significance ranking"
category,fashion_childrens_clothes,Product condition / mismatch,0,1,0.0,0,,False,"written>=100 and issue>=20; descriptive, no significance ranking"
category,fashion_male_clothing,Delivery waiting / non-receipt,4,57,0.07017543859649122,24,0.16666666666666666,False,"written>=100 and issue>=20; descriptive, no significance ranking"
category,fashion_male_clothing,Generic / Unclear,1,57,0.017543859649122806,24,0.041666666666666664,False,"written>=100 and issue>=20; descriptive, no significance ranking"
category,fashion_male_clothing,Incomplete order / missing units,9,57,0.15789473684210525,24,0.375,False,"written>=100 and issue>=20; descriptive, no significance ranking"
category,fashion_male_clothing,Mixed / rating-text mismatch,2,57,0.03508771929824561,24,0.08333333333333333,False,"written>=100 and issue>=20; descriptive, no significance ranking"
category,fashion_male_clothing,Mixed resolution / service,5,57,0.08771929824561403,24,0.20833333333333334,False,"written>=100 and issue>=20; descriptive, no significance ranking"
category,fashion_male_clothing,Positive delivery mentions,8,57,0.14035087719298245,24,,False,"written>=100 and issue>=20; descriptive, no significance ranking"
category,fashion_male_clothing,Positive generic mentions,11,57,0.19298245614035087,24,,False,"written>=100 and issue>=20; descriptive, no significance ranking"
category,fashion_male_clothing,Positive product / overall mentions,14,57,0.24561403508771928,24,,False,"written>=100 and issue>=20; descriptive, no significance ranking"
category,fashion_male_clothing,Product condition / mismatch,3,57,0.05263157894736842,24,0.125,False,"written>=100 and issue>=20; descriptive, no significance ranking"
category,fashion_shoes,Delivery waiting / non-receipt,5,107,0.04672897196261682,25,0.2,False,"written>=100 and issue>=20; descriptive, no significance ranking"
category,fashion_shoes,Generic / Unclear,5,107,0.04672897196261682,25,0.2,False,"written>=100 and issue>=20; descriptive, no significance ranking"
category,fashion_shoes,Incomplete order / missing units,3,107,0.028037383177570093,25,0.12,False,"written>=100 and issue>=20; descriptive, no significance ranking"
category,fashion_shoes,Mixed / rating-text mismatch,2,107,0.018691588785046728,25,0.08,False,"written>=100 and issue>=20; descriptive, no significance ranking"
category,fashion_shoes,Mixed resolution / service,5,107,0.04672897196261682,25,0.2,False,"written>=100 and issue>=20; descriptive, no significance ranking"
category,fashion_shoes,Positive delivery mentions,21,107,0.19626168224299065,25,,True,"written>=100 and issue>=20; descriptive, no significance ranking"
category,fashion_shoes,Positive generic mentions,29,107,0.27102803738317754,25,,True,"written>=100 and issue>=20; descriptive, no significance ranking"
category,fashion_shoes,Positive product / overall mentions,32,107,0.29906542056074764,25,,True,"written>=100 and issue>=20; descriptive, no significance ranking"
category,fashion_shoes,Product condition / mismatch,5,107,0.04672897196261682,25,0.2,False,"written>=100 and issue>=20; descriptive, no significance ranking"
category,fashion_sport,Delivery waiting / non-receipt,0,4,0.0,0,,False,"written>=100 and issue>=20; descriptive, no significance ranking"
category,fashion_sport,Generic / Unclear,0,4,0.0,0,,False,"written>=100 and issue>=20; descriptive, no significance ranking"
category,fashion_sport,Incomplete order / missing units,0,4,0.0,0,,False,"written>=100 and issue>=20; descriptive, no significance ranking"
category,fashion_sport,Mixed / rating-text mismatch,0,4,0.0,0,,False,"written>=100 and issue>=20; descriptive, no significance ranking"
category,fashion_sport,Mixed resolution / service,0,4,0.0,0,,False,"written>=100 and issue>=20; descriptive, no significance ranking"
category,fashion_sport,Positive delivery mentions,1,4,0.25,0,,False,"written>=100 and issue>=20; descriptive, no significance ranking"
category,fashion_sport,Positive generic mentions,2,4,0.5,0,,False,"written>=100 and issue>=20; descriptive, no significance ranking"
category,fashion_sport,Positive product / overall mentions,1,4,0.25,0,,False,"written>=100 and issue>=20; descriptive, no significance ranking"
category,fashion_sport,Product condition / mismatch,0,4,0.0,0,,False,"written>=100 and issue>=20; descriptive, no significance ranking"
category,fashion_underwear_beach,Delivery waiting / non-receipt,5,48,0.10416666666666667,14,0.35714285714285715,False,"written>=100 and issue>=20; descriptive, no significance ranking"
category,fashion_underwear_beach,Generic / Unclear,3,48,0.0625,14,0.21428571428571427,False,"written>=100 and issue>=20; descriptive, no significance ranking"
category,fashion_underwear_beach,Incomplete order / missing units,0,48,0.0,14,,False,"written>=100 and issue>=20; descriptive, no significance ranking"
category,fashion_underwear_beach,Mixed / rating-text mismatch,0,48,0.0,14,,False,"written>=100 and issue>=20; descriptive, no significance ranking"
category,fashion_underwear_beach,Mixed resolution / service,4,48,0.08333333333333333,14,0.2857142857142857,False,"written>=100 and issue>=20; descriptive, no significance ranking"
category,fashion_underwear_beach,Positive delivery mentions,12,48,0.25,14,,False,"written>=100 and issue>=20; descriptive, no significance ranking"
category,fashion_underwear_beach,Positive generic mentions,7,48,0.14583333333333334,14,,False,"written>=100 and issue>=20; descriptive, no significance ranking"
category,fashion_underwear_beach,Positive product / overall mentions,15,48,0.3125,14,,False,"written>=100 and issue>=20; descriptive, no significance ranking"
category,fashion_underwear_beach,Product condition / mismatch,2,48,0.041666666666666664,14,0.14285714285714285,False,"written>=100 and issue>=20; descriptive, no significance ranking"
category,fixed_telephony,Delivery waiting / non-receipt,7,89,0.07865168539325842,33,0.21212121212121213,False,"written>=100 and issue>=20; descriptive, no significance ranking"
category,fixed_telephony,Generic / Unclear,3,89,0.033707865168539325,33,0.09090909090909091,False,"written>=100 and issue>=20; descriptive, no significance ranking"
category,fixed_telephony,Incomplete order / missing units,7,89,0.07865168539325842,33,0.21212121212121213,False,"written>=100 and issue>=20; descriptive, no significance ranking"
category,fixed_telephony,Mixed / rating-text mismatch,2,89,0.02247191011235955,33,0.06060606060606061,False,"written>=100 and issue>=20; descriptive, no significance ranking"
category,fixed_telephony,Mixed resolution / service,5,89,0.056179775280898875,33,0.15151515151515152,False,"written>=100 and issue>=20; descriptive, no significance ranking"
category,fixed_telephony,Positive delivery mentions,22,89,0.24719101123595505,33,,False,"written>=100 and issue>=20; descriptive, no significance ranking"
category,fixed_telephony,Positive generic mentions,13,89,0.14606741573033707,33,,False,"written>=100 and issue>=20; descriptive, no significance ranking"
category,fixed_telephony,Positive product / overall mentions,21,89,0.23595505617977527,33,,False,"written>=100 and issue>=20; descriptive, no significance ranking"
category,fixed_telephony,Product condition / mismatch,9,89,0.10112359550561797,33,0.2727272727272727,False,"written>=100 and issue>=20; descriptive, no significance ranking"
category,flowers,Delivery waiting / non-receipt,1,11,0.09090909090909091,3,0.3333333333333333,False,"written>=100 and issue>=20; descriptive, no significance ranking"
category,flowers,Generic / Unclear,1,11,0.09090909090909091,3,0.3333333333333333,False,"written>=100 and issue>=20; descriptive, no significance ranking"
category,flowers,Incomplete order / missing units,0,11,0.0,3,,False,"written>=100 and issue>=20; descriptive, no significance ranking"
category,flowers,Mixed / rating-text mismatch,0,11,0.0,3,,False,"written>=100 and issue>=20; descriptive, no significance ranking"
category,flowers,Mixed resolution / service,1,11,0.09090909090909091,3,0.3333333333333333,False,"written>=100 and issue>=20; descriptive, no significance ranking"
category,flowers,Positive delivery mentions,4,11,0.36363636363636365,3,,False,"written>=100 and issue>=20; descriptive, no significance ranking"
category,flowers,Positive generic mentions,1,11,0.09090909090909091,3,,False,"written>=100 and issue>=20; descriptive, no significance ranking"
category,flowers,Positive product / overall mentions,3,11,0.2727272727272727,3,,False,"written>=100 and issue>=20; descriptive, no significance ranking"
category,flowers,Product condition / mismatch,0,11,0.0,3,,False,"written>=100 and issue>=20; descriptive, no significance ranking"
category,food,Delivery waiting / non-receipt,13,133,0.09774436090225563,34,0.38235294117647056,False,"written>=100 and issue>=20; descriptive, no significance ranking"
category,food,Generic / Unclear,4,133,0.03007518796992481,34,0.11764705882352941,False,"written>=100 and issue>=20; descriptive, no significance ranking"
category,food,Incomplete order / missing units,4,133,0.03007518796992481,34,0.11764705882352941,False,"written>=100 and issue>=20; descriptive, no significance ranking"
category,food,Mixed / rating-text mismatch,2,133,0.015037593984962405,34,0.058823529411764705,False,"written>=100 and issue>=20; descriptive, no significance ranking"
category,food,Mixed resolution / service,7,133,0.05263157894736842,34,0.20588235294117646,False,"written>=100 and issue>=20; descriptive, no significance ranking"
category,food,Positive delivery mentions,38,133,0.2857142857142857,34,,True,"written>=100 and issue>=20; descriptive, no significance ranking"
category,food,Positive generic mentions,28,133,0.21052631578947367,34,,True,"written>=100 and issue>=20; descriptive, no significance ranking"
category,food,Positive product / overall mentions,33,133,0.24812030075187969,34,,True,"written>=100 and issue>=20; descriptive, no significance ranking"
category,food,Product condition / mismatch,4,133,0.03007518796992481,34,0.11764705882352941,False,"written>=100 and issue>=20; descriptive, no significance ranking"
category,food_drink,Delivery waiting / non-receipt,5,68,0.07352941176470588,11,0.45454545454545453,False,"written>=100 and issue>=20; descriptive, no significance ranking"
category,food_drink,Generic / Unclear,0,68,0.0,11,,False,"written>=100 and issue>=20; descriptive, no significance ranking"
category,food_drink,Incomplete order / missing units,0,68,0.0,11,,False,"written>=100 and issue>=20; descriptive, no significance ranking"
category,food_drink,Mixed / rating-text mismatch,0,68,0.0,11,,False,"written>=100 and issue>=20; descriptive, no significance ranking"
category,food_drink,Mixed resolution / service,5,68,0.07352941176470588,11,0.45454545454545453,False,"written>=100 and issue>=20; descriptive, no significance ranking"
category,food_drink,Positive delivery mentions,18,68,0.2647058823529412,11,,False,"written>=100 and issue>=20; descriptive, no significance ranking"
category,food_drink,Positive generic mentions,28,68,0.4117647058823529,11,,False,"written>=100 and issue>=20; descriptive, no significance ranking"
category,food_drink,Positive product / overall mentions,11,68,0.16176470588235295,11,,False,"written>=100 and issue>=20; descriptive, no significance ranking"
category,food_drink,Product condition / mismatch,1,68,0.014705882352941176,11,0.09090909090909091,False,"written>=100 and issue>=20; descriptive, no significance ranking"
category,furniture_bedroom,Delivery waiting / non-receipt,0,31,0.0,6,,False,"written>=100 and issue>=20; descriptive, no significance ranking"
category,furniture_bedroom,Generic / Unclear,0,31,0.0,6,,False,"written>=100 and issue>=20; descriptive, no significance ranking"
category,furniture_bedroom,Incomplete order / missing units,0,31,0.0,6,,False,"written>=100 and issue>=20; descriptive, no significance ranking"
category,furniture_bedroom,Mixed / rating-text mismatch,3,31,0.0967741935483871,6,0.5,False,"written>=100 and issue>=20; descriptive, no significance ranking"
category,furniture_bedroom,Mixed resolution / service,2,31,0.06451612903225806,6,0.3333333333333333,False,"written>=100 and issue>=20; descriptive, no significance ranking"
category,furniture_bedroom,Positive delivery mentions,10,31,0.3225806451612903,6,,False,"written>=100 and issue>=20; descriptive, no significance ranking"
category,furniture_bedroom,Positive generic mentions,2,31,0.06451612903225806,6,,False,"written>=100 and issue>=20; descriptive, no significance ranking"
category,furniture_bedroom,Positive product / overall mentions,13,31,0.41935483870967744,6,,False,"written>=100 and issue>=20; descriptive, no significance ranking"
category,furniture_bedroom,Product condition / mismatch,1,31,0.03225806451612903,6,0.16666666666666666,False,"written>=100 and issue>=20; descriptive, no significance ranking"
category,furniture_decor,Delivery waiting / non-receipt,147,2246,0.06544968833481746,830,0.17710843373493976,True,"written>=100 and issue>=20; descriptive, no significance ranking"
category,furniture_decor,Generic / Unclear,81,2246,0.036064113980409616,830,0.09759036144578313,True,"written>=100 and issue>=20; descriptive, no significance ranking"
category,furniture_decor,Incomplete order / missing units,145,2246,0.06455921638468388,830,0.1746987951807229,True,"written>=100 and issue>=20; descriptive, no significance ranking"
category,furniture_decor,Mixed / rating-text mismatch,73,2246,0.03250222617987533,830,0.08795180722891566,True,"written>=100 and issue>=20; descriptive, no significance ranking"
category,furniture_decor,Mixed resolution / service,189,2246,0.08414959928762245,830,0.22771084337349398,True,"written>=100 and issue>=20; descriptive, no significance ranking"
category,furniture_decor,Positive delivery mentions,427,2246,0.19011576135351738,830,,True,"written>=100 and issue>=20; descriptive, no significance ranking"
category,furniture_decor,Positive generic mentions,434,2246,0.19323241317898487,830,,True,"written>=100 and issue>=20; descriptive, no significance ranking"
category,furniture_decor,Positive product / overall mentions,555,2246,0.2471059661620659,830,,True,"written>=100 and issue>=20; descriptive, no significance ranking"
category,furniture_decor,Product condition / mismatch,195,2246,0.08682101513802315,830,0.23493975903614459,True,"written>=100 and issue>=20; descriptive, no significance ranking"
category,furniture_living_room,Delivery waiting / non-receipt,7,129,0.05426356589147287,51,0.13725490196078433,False,"written>=100 and issue>=20; descriptive, no significance ranking"
category,furniture_living_room,Generic / Unclear,6,129,0.046511627906976744,51,0.11764705882352941,False,"written>=100 and issue>=20; descriptive, no significance ranking"
category,furniture_living_room,Incomplete order / missing units,8,129,0.06201550387596899,51,0.1568627450980392,False,"written>=100 and issue>=20; descriptive, no significance ranking"
category,furniture_living_room,Mixed / rating-text mismatch,5,129,0.03875968992248062,51,0.09803921568627451,False,"written>=100 and issue>=20; descriptive, no significance ranking"
category,furniture_living_room,Mixed resolution / service,12,129,0.09302325581395349,51,0.23529411764705882,False,"written>=100 and issue>=20; descriptive, no significance ranking"
category,furniture_living_room,Positive delivery mentions,22,129,0.17054263565891473,51,,True,"written>=100 and issue>=20; descriptive, no significance ranking"
category,furniture_living_room,Positive generic mentions,21,129,0.16279069767441862,51,,True,"written>=100 and issue>=20; descriptive, no significance ranking"
category,furniture_living_room,Positive product / overall mentions,35,129,0.2713178294573643,51,,True,"written>=100 and issue>=20; descriptive, no significance ranking"
category,furniture_living_room,Product condition / mismatch,13,129,0.10077519379844961,51,0.2549019607843137,False,"written>=100 and issue>=20; descriptive, no significance ranking"
category,furniture_mattress_and_upholstery,Delivery waiting / non-receipt,1,16,0.0625,6,0.16666666666666666,False,"written>=100 and issue>=20; descriptive, no significance ranking"
category,furniture_mattress_and_upholstery,Generic / Unclear,0,16,0.0,6,,False,"written>=100 and issue>=20; descriptive, no significance ranking"
category,furniture_mattress_and_upholstery,Incomplete order / missing units,0,16,0.0,6,,False,"written>=100 and issue>=20; descriptive, no significance ranking"
category,furniture_mattress_and_upholstery,Mixed / rating-text mismatch,1,16,0.0625,6,0.16666666666666666,False,"written>=100 and issue>=20; descriptive, no significance ranking"
category,furniture_mattress_and_upholstery,Mixed resolution / service,4,16,0.25,6,0.6666666666666666,False,"written>=100 and issue>=20; descriptive, no significance ranking"
category,furniture_mattress_and_upholstery,Positive delivery mentions,2,16,0.125,6,,False,"written>=100 and issue>=20; descriptive, no significance ranking"
category,furniture_mattress_and_upholstery,Positive generic mentions,4,16,0.25,6,,False,"written>=100 and issue>=20; descriptive, no significance ranking"
category,furniture_mattress_and_upholstery,Positive product / overall mentions,4,16,0.25,6,,False,"written>=100 and issue>=20; descriptive, no significance ranking"
category,furniture_mattress_and_upholstery,Product condition / mismatch,0,16,0.0,6,,False,"written>=100 and issue>=20; descriptive, no significance ranking"
category,garden_tools,Delivery waiting / non-receipt,88,1433,0.061409630146545706,394,0.2233502538071066,True,"written>=100 and issue>=20; descriptive, no significance ranking"
category,garden_tools,Generic / Unclear,33,1433,0.023028611304954642,394,0.08375634517766498,True,"written>=100 and issue>=20; descriptive, no significance ranking"
category,garden_tools,Incomplete order / missing units,72,1433,0.05024424284717376,394,0.18274111675126903,True,"written>=100 and issue>=20; descriptive, no significance ranking"
category,garden_tools,Mixed / rating-text mismatch,29,1433,0.020237264480111653,394,0.07360406091370558,True,"written>=100 and issue>=20; descriptive, no significance ranking"
category,garden_tools,Mixed resolution / service,124,1433,0.08653175157013258,394,0.3147208121827411,True,"written>=100 and issue>=20; descriptive, no significance ranking"
category,garden_tools,Positive delivery mentions,340,1433,0.23726448011165388,394,,True,"written>=100 and issue>=20; descriptive, no significance ranking"
category,garden_tools,Positive generic mentions,319,1433,0.2226099092812282,394,,True,"written>=100 and issue>=20; descriptive, no significance ranking"
category,garden_tools,Positive product / overall mentions,380,1433,0.26517794836008374,394,,True,"written>=100 and issue>=20; descriptive, no significance ranking"
category,garden_tools,Product condition / mismatch,48,1433,0.03349616189811584,394,0.1218274111675127,True,"written>=100 and issue>=20; descriptive, no significance ranking"
category,health_beauty,Delivery waiting / non-receipt,240,2916,0.0823045267489712,898,0.267260579064588,True,"written>=100 and issue>=20; descriptive, no significance ranking"
category,health_beauty,Generic / Unclear,95,2916,0.032578875171467764,898,0.10579064587973273,True,"written>=100 and issue>=20; descriptive, no significance ranking"
category,health_beauty,Incomplete order / missing units,99,2916,0.033950617283950615,898,0.11024498886414254,True,"written>=100 and issue>=20; descriptive, no significance ranking"
category,health_beauty,Mixed / rating-text mismatch,79,2916,0.02709190672153635,898,0.08797327394209355,True,"written>=100 and issue>=20; descriptive, no significance ranking"
category,health_beauty,Mixed resolution / service,231,2916,0.07921810699588477,898,0.2572383073496659,True,"written>=100 and issue>=20; descriptive, no significance ranking"
category,health_beauty,Positive delivery mentions,734,2916,0.25171467764060357,898,,True,"written>=100 and issue>=20; descriptive, no significance ranking"
category,health_beauty,Positive generic mentions,593,2916,0.203360768175583,898,,True,"written>=100 and issue>=20; descriptive, no significance ranking"
category,health_beauty,Positive product / overall mentions,691,2916,0.2369684499314129,898,,True,"written>=100 and issue>=20; descriptive, no significance ranking"
category,health_beauty,Product condition / mismatch,154,2916,0.05281207133058985,898,0.1714922048997773,True,"written>=100 and issue>=20; descriptive, no significance ranking"
category,home_appliances,Delivery waiting / non-receipt,16,294,0.05442176870748299,83,0.1927710843373494,False,"written>=100 and issue>=20; descriptive, no significance ranking"
category,home_appliances,Generic / Unclear,3,294,0.01020408163265306,83,0.03614457831325301,False,"written>=100 and issue>=20; descriptive, no significance ranking"
category,home_appliances,Incomplete order / missing units,10,294,0.034013605442176874,83,0.12048192771084337,False,"written>=100 and issue>=20; descriptive, no significance ranking"
category,home_appliances,Mixed / rating-text mismatch,5,294,0.017006802721088437,83,0.060240963855421686,False,"written>=100 and issue>=20; descriptive, no significance ranking"
category,home_appliances,Mixed resolution / service,21,294,0.07142857142857142,83,0.25301204819277107,True,"written>=100 and issue>=20; descriptive, no significance ranking"
category,home_appliances,Positive delivery mentions,85,294,0.2891156462585034,83,,True,"written>=100 and issue>=20; descriptive, no significance ranking"
category,home_appliances,Positive generic mentions,57,294,0.19387755102040816,83,,True,"written>=100 and issue>=20; descriptive, no significance ranking"
category,home_appliances,Positive product / overall mentions,69,294,0.23469387755102042,83,,True,"written>=100 and issue>=20; descriptive, no significance ranking"
category,home_appliances,Product condition / mismatch,28,294,0.09523809523809523,83,0.3373493975903614,True,"written>=100 and issue>=20; descriptive, no significance ranking"
category,home_appliances_2,Delivery waiting / non-receipt,9,89,0.10112359550561797,29,0.3103448275862069,False,"written>=100 and issue>=20; descriptive, no significance ranking"
category,home_appliances_2,Generic / Unclear,3,89,0.033707865168539325,29,0.10344827586206896,False,"written>=100 and issue>=20; descriptive, no significance ranking"
category,home_appliances_2,Incomplete order / missing units,2,89,0.02247191011235955,29,0.06896551724137931,False,"written>=100 and issue>=20; descriptive, no significance ranking"
category,home_appliances_2,Mixed / rating-text mismatch,2,89,0.02247191011235955,29,0.06896551724137931,False,"written>=100 and issue>=20; descriptive, no significance ranking"
category,home_appliances_2,Mixed resolution / service,8,89,0.0898876404494382,29,0.27586206896551724,False,"written>=100 and issue>=20; descriptive, no significance ranking"
category,home_appliances_2,Positive delivery mentions,23,89,0.25842696629213485,29,,False,"written>=100 and issue>=20; descriptive, no significance ranking"
category,home_appliances_2,Positive generic mentions,20,89,0.2247191011235955,29,,False,"written>=100 and issue>=20; descriptive, no significance ranking"
category,home_appliances_2,Positive product / overall mentions,17,89,0.19101123595505617,29,,False,"written>=100 and issue>=20; descriptive, no significance ranking"
category,home_appliances_2,Product condition / mismatch,5,89,0.056179775280898875,29,0.1724137931034483,False,"written>=100 and issue>=20; descriptive, no significance ranking"
category,home_comfort_2,Delivery waiting / non-receipt,1,11,0.09090909090909091,4,0.25,False,"written>=100 and issue>=20; descriptive, no significance ranking"
category,home_comfort_2,Generic / Unclear,0,11,0.0,4,,False,"written>=100 and issue>=20; descriptive, no significance ranking"
category,home_comfort_2,Incomplete order / missing units,1,11,0.09090909090909091,4,0.25,False,"written>=100 and issue>=20; descriptive, no significance ranking"
category,home_comfort_2,Mixed / rating-text mismatch,2,11,0.18181818181818182,4,0.5,False,"written>=100 and issue>=20; descriptive, no significance ranking"
category,home_comfort_2,Mixed resolution / service,0,11,0.0,4,,False,"written>=100 and issue>=20; descriptive, no significance ranking"
category,home_comfort_2,Positive delivery mentions,3,11,0.2727272727272727,4,,False,"written>=100 and issue>=20; descriptive, no significance ranking"
category,home_comfort_2,Positive generic mentions,2,11,0.18181818181818182,4,,False,"written>=100 and issue>=20; descriptive, no significance ranking"
category,home_comfort_2,Positive product / overall mentions,2,11,0.18181818181818182,4,,False,"written>=100 and issue>=20; descriptive, no significance ranking"
category,home_comfort_2,Product condition / mismatch,0,11,0.0,4,,False,"written>=100 and issue>=20; descriptive, no significance ranking"
category,home_confort,Delivery waiting / non-receipt,16,174,0.09195402298850575,69,0.2318840579710145,False,"written>=100 and issue>=20; descriptive, no significance ranking"
category,home_confort,Generic / Unclear,7,174,0.040229885057471264,69,0.10144927536231885,False,"written>=100 and issue>=20; descriptive, no significance ranking"
category,home_confort,Incomplete order / missing units,6,174,0.034482758620689655,69,0.08695652173913043,False,"written>=100 and issue>=20; descriptive, no significance ranking"
category,home_confort,Mixed / rating-text mismatch,11,174,0.06321839080459771,69,0.15942028985507245,False,"written>=100 and issue>=20; descriptive, no significance ranking"
category,home_confort,Mixed resolution / service,14,174,0.08045977011494253,69,0.2028985507246377,False,"written>=100 and issue>=20; descriptive, no significance ranking"
category,home_confort,Positive delivery mentions,25,174,0.14367816091954022,69,,True,"written>=100 and issue>=20; descriptive, no significance ranking"
category,home_confort,Positive generic mentions,40,174,0.22988505747126436,69,,True,"written>=100 and issue>=20; descriptive, no significance ranking"
category,home_confort,Positive product / overall mentions,40,174,0.22988505747126436,69,,True,"written>=100 and issue>=20; descriptive, no significance ranking"
category,home_confort,Product condition / mismatch,15,174,0.08620689655172414,69,0.21739130434782608,False,"written>=100 and issue>=20; descriptive, no significance ranking"
category,home_construction,Delivery waiting / non-receipt,19,162,0.11728395061728394,63,0.30158730158730157,False,"written>=100 and issue>=20; descriptive, no significance ranking"
category,home_construction,Generic / Unclear,6,162,0.037037037037037035,63,0.09523809523809523,False,"written>=100 and issue>=20; descriptive, no significance ranking"
category,home_construction,Incomplete order / missing units,9,162,0.05555555555555555,63,0.14285714285714285,False,"written>=100 and issue>=20; descriptive, no significance ranking"
category,home_construction,Mixed / rating-text mismatch,0,162,0.0,63,,False,"written>=100 and issue>=20; descriptive, no significance ranking"
category,home_construction,Mixed resolution / service,11,162,0.06790123456790123,63,0.1746031746031746,False,"written>=100 and issue>=20; descriptive, no significance ranking"
category,home_construction,Positive delivery mentions,31,162,0.19135802469135801,63,,True,"written>=100 and issue>=20; descriptive, no significance ranking"
category,home_construction,Positive generic mentions,32,162,0.19753086419753085,63,,True,"written>=100 and issue>=20; descriptive, no significance ranking"
category,home_construction,Positive product / overall mentions,36,162,0.2222222222222222,63,,True,"written>=100 and issue>=20; descriptive, no significance ranking"
category,home_construction,Product condition / mismatch,18,162,0.1111111111111111,63,0.2857142857142857,False,"written>=100 and issue>=20; descriptive, no significance ranking"
category,housewares,Delivery waiting / non-receipt,136,2028,0.0670611439842209,652,0.2085889570552147,True,"written>=100 and issue>=20; descriptive, no significance ranking"
category,housewares,Generic / Unclear,74,2028,0.03648915187376726,652,0.11349693251533742,True,"written>=100 and issue>=20; descriptive, no significance ranking"
category,housewares,Incomplete order / missing units,109,2028,0.05374753451676528,652,0.16717791411042945,True,"written>=100 and issue>=20; descriptive, no significance ranking"
category,housewares,Mixed / rating-text mismatch,58,2028,0.028599605522682446,652,0.08895705521472393,True,"written>=100 and issue>=20; descriptive, no significance ranking"
category,housewares,Mixed resolution / service,137,2028,0.0675542406311637,652,0.21012269938650308,True,"written>=100 and issue>=20; descriptive, no significance ranking"
category,housewares,Positive delivery mentions,430,2028,0.21203155818540434,652,,True,"written>=100 and issue>=20; descriptive, no significance ranking"
category,housewares,Positive generic mentions,417,2028,0.20562130177514792,652,,True,"written>=100 and issue>=20; descriptive, no significance ranking"
category,housewares,Positive product / overall mentions,529,2028,0.2608481262327416,652,,True,"written>=100 and issue>=20; descriptive, no significance ranking"
category,housewares,Product condition / mismatch,138,2028,0.06804733727810651,652,0.2116564417177914,True,"written>=100 and issue>=20; descriptive, no significance ranking"
category,industry_commerce_and_business,Delivery waiting / non-receipt,3,81,0.037037037037037035,22,0.13636363636363635,False,"written>=100 and issue>=20; descriptive, no significance ranking"
category,industry_commerce_and_business,Generic / Unclear,1,81,0.012345679012345678,22,0.045454545454545456,False,"written>=100 and issue>=20; descriptive, no significance ranking"
category,industry_commerce_and_business,Incomplete order / missing units,3,81,0.037037037037037035,22,0.13636363636363635,False,"written>=100 and issue>=20; descriptive, no significance ranking"
category,industry_commerce_and_business,Mixed / rating-text mismatch,2,81,0.024691358024691357,22,0.09090909090909091,False,"written>=100 and issue>=20; descriptive, no significance ranking"
category,industry_commerce_and_business,Mixed resolution / service,6,81,0.07407407407407407,22,0.2727272727272727,False,"written>=100 and issue>=20; descriptive, no significance ranking"
category,industry_commerce_and_business,Positive delivery mentions,21,81,0.25925925925925924,22,,False,"written>=100 and issue>=20; descriptive, no significance ranking"
category,industry_commerce_and_business,Positive generic mentions,11,81,0.13580246913580246,22,,False,"written>=100 and issue>=20; descriptive, no significance ranking"
category,industry_commerce_and_business,Positive product / overall mentions,27,81,0.3333333333333333,22,,False,"written>=100 and issue>=20; descriptive, no significance ranking"
category,industry_commerce_and_business,Product condition / mismatch,7,81,0.08641975308641975,22,0.3181818181818182,False,"written>=100 and issue>=20; descriptive, no significance ranking"
category,kitchen_dining_laundry_garden_furniture,Delivery waiting / non-receipt,6,85,0.07058823529411765,39,0.15384615384615385,False,"written>=100 and issue>=20; descriptive, no significance ranking"
category,kitchen_dining_laundry_garden_furniture,Generic / Unclear,4,85,0.047058823529411764,39,0.10256410256410256,False,"written>=100 and issue>=20; descriptive, no significance ranking"
category,kitchen_dining_laundry_garden_furniture,Incomplete order / missing units,4,85,0.047058823529411764,39,0.10256410256410256,False,"written>=100 and issue>=20; descriptive, no significance ranking"
category,kitchen_dining_laundry_garden_furniture,Mixed / rating-text mismatch,6,85,0.07058823529411765,39,0.15384615384615385,False,"written>=100 and issue>=20; descriptive, no significance ranking"
category,kitchen_dining_laundry_garden_furniture,Mixed resolution / service,11,85,0.12941176470588237,39,0.28205128205128205,False,"written>=100 and issue>=20; descriptive, no significance ranking"
category,kitchen_dining_laundry_garden_furniture,Positive delivery mentions,16,85,0.18823529411764706,39,,False,"written>=100 and issue>=20; descriptive, no significance ranking"
category,kitchen_dining_laundry_garden_furniture,Positive generic mentions,14,85,0.16470588235294117,39,,False,"written>=100 and issue>=20; descriptive, no significance ranking"
category,kitchen_dining_laundry_garden_furniture,Positive product / overall mentions,16,85,0.18823529411764706,39,,False,"written>=100 and issue>=20; descriptive, no significance ranking"
category,kitchen_dining_laundry_garden_furniture,Product condition / mismatch,8,85,0.09411764705882353,39,0.20512820512820512,False,"written>=100 and issue>=20; descriptive, no significance ranking"
category,la_cuisine,Delivery waiting / non-receipt,0,4,0.0,1,,False,"written>=100 and issue>=20; descriptive, no significance ranking"
category,la_cuisine,Generic / Unclear,1,4,0.25,1,1.0,False,"written>=100 and issue>=20; descriptive, no significance ranking"
category,la_cuisine,Incomplete order / missing units,0,4,0.0,1,,False,"written>=100 and issue>=20; descriptive, no significance ranking"
category,la_cuisine,Mixed / rating-text mismatch,0,4,0.0,1,,False,"written>=100 and issue>=20; descriptive, no significance ranking"
category,la_cuisine,Mixed resolution / service,0,4,0.0,1,,False,"written>=100 and issue>=20; descriptive, no significance ranking"
category,la_cuisine,Positive delivery mentions,1,4,0.25,1,,False,"written>=100 and issue>=20; descriptive, no significance ranking"
category,la_cuisine,Positive generic mentions,1,4,0.25,1,,False,"written>=100 and issue>=20; descriptive, no significance ranking"
category,la_cuisine,Positive product / overall mentions,1,4,0.25,1,,False,"written>=100 and issue>=20; descriptive, no significance ranking"
category,la_cuisine,Product condition / mismatch,0,4,0.0,1,,False,"written>=100 and issue>=20; descriptive, no significance ranking"
category,luggage_accessories,Delivery waiting / non-receipt,13,377,0.034482758620689655,78,0.16666666666666666,False,"written>=100 and issue>=20; descriptive, no significance ranking"
category,luggage_accessories,Generic / Unclear,8,377,0.021220159151193633,78,0.10256410256410256,False,"written>=100 and issue>=20; descriptive, no significance ranking"
category,luggage_accessories,Incomplete order / missing units,10,377,0.026525198938992044,78,0.1282051282051282,False,"written>=100 and issue>=20; descriptive, no significance ranking"
category,luggage_accessories,Mixed / rating-text mismatch,14,377,0.03713527851458886,78,0.1794871794871795,False,"written>=100 and issue>=20; descriptive, no significance ranking"
category,luggage_accessories,Mixed resolution / service,19,377,0.050397877984084884,78,0.24358974358974358,False,"written>=100 and issue>=20; descriptive, no significance ranking"
category,luggage_accessories,Positive delivery mentions,106,377,0.28116710875331563,78,,True,"written>=100 and issue>=20; descriptive, no significance ranking"
category,luggage_accessories,Positive generic mentions,65,377,0.1724137931034483,78,,True,"written>=100 and issue>=20; descriptive, no significance ranking"
category,luggage_accessories,Positive product / overall mentions,128,377,0.3395225464190981,78,,True,"written>=100 and issue>=20; descriptive, no significance ranking"
category,luggage_accessories,Product condition / mismatch,14,377,0.03713527851458886,78,0.1794871794871795,False,"written>=100 and issue>=20; descriptive, no significance ranking"
category,market_place,Delivery waiting / non-receipt,10,94,0.10638297872340426,37,0.2702702702702703,False,"written>=100 and issue>=20; descriptive, no significance ranking"
category,market_place,Generic / Unclear,3,94,0.031914893617021274,37,0.08108108108108109,False,"written>=100 and issue>=20; descriptive, no significance ranking"
category,market_place,Incomplete order / missing units,7,94,0.07446808510638298,37,0.1891891891891892,False,"written>=100 and issue>=20; descriptive, no significance ranking"
category,market_place,Mixed / rating-text mismatch,3,94,0.031914893617021274,37,0.08108108108108109,False,"written>=100 and issue>=20; descriptive, no significance ranking"
category,market_place,Mixed resolution / service,6,94,0.06382978723404255,37,0.16216216216216217,False,"written>=100 and issue>=20; descriptive, no significance ranking"
category,market_place,Positive delivery mentions,21,94,0.22340425531914893,37,,False,"written>=100 and issue>=20; descriptive, no significance ranking"
category,market_place,Positive generic mentions,14,94,0.14893617021276595,37,,False,"written>=100 and issue>=20; descriptive, no significance ranking"
category,market_place,Positive product / overall mentions,22,94,0.23404255319148937,37,,False,"written>=100 and issue>=20; descriptive, no significance ranking"
category,market_place,Product condition / mismatch,8,94,0.0851063829787234,37,0.21621621621621623,False,"written>=100 and issue>=20; descriptive, no significance ranking"
category,music,Delivery waiting / non-receipt,1,13,0.07692307692307693,3,0.3333333333333333,False,"written>=100 and issue>=20; descriptive, no significance ranking"
category,music,Generic / Unclear,0,13,0.0,3,,False,"written>=100 and issue>=20; descriptive, no significance ranking"
category,music,Incomplete order / missing units,0,13,0.0,3,,False,"written>=100 and issue>=20; descriptive, no significance ranking"
category,music,Mixed / rating-text mismatch,0,13,0.0,3,,False,"written>=100 and issue>=20; descriptive, no significance ranking"
category,music,Mixed resolution / service,1,13,0.07692307692307693,3,0.3333333333333333,False,"written>=100 and issue>=20; descriptive, no significance ranking"
category,music,Positive delivery mentions,3,13,0.23076923076923078,3,,False,"written>=100 and issue>=20; descriptive, no significance ranking"
category,music,Positive generic mentions,2,13,0.15384615384615385,3,,False,"written>=100 and issue>=20; descriptive, no significance ranking"
category,music,Positive product / overall mentions,5,13,0.38461538461538464,3,,False,"written>=100 and issue>=20; descriptive, no significance ranking"
category,music,Product condition / mismatch,1,13,0.07692307692307693,3,0.3333333333333333,False,"written>=100 and issue>=20; descriptive, no significance ranking"
category,musical_instruments,Delivery waiting / non-receipt,20,232,0.08620689655172414,68,0.29411764705882354,True,"written>=100 and issue>=20; descriptive, no significance ranking"
category,musical_instruments,Generic / Unclear,2,232,0.008620689655172414,68,0.029411764705882353,False,"written>=100 and issue>=20; descriptive, no significance ranking"
category,musical_instruments,Incomplete order / missing units,3,232,0.01293103448275862,68,0.04411764705882353,False,"written>=100 and issue>=20; descriptive, no significance ranking"
category,musical_instruments,Mixed / rating-text mismatch,7,232,0.03017241379310345,68,0.10294117647058823,False,"written>=100 and issue>=20; descriptive, no significance ranking"
category,musical_instruments,Mixed resolution / service,20,232,0.08620689655172414,68,0.29411764705882354,True,"written>=100 and issue>=20; descriptive, no significance ranking"
category,musical_instruments,Positive delivery mentions,45,232,0.1939655172413793,68,,True,"written>=100 and issue>=20; descriptive, no significance ranking"
category,musical_instruments,Positive generic mentions,42,232,0.1810344827586207,68,,True,"written>=100 and issue>=20; descriptive, no significance ranking"
category,musical_instruments,Positive product / overall mentions,77,232,0.33189655172413796,68,,True,"written>=100 and issue>=20; descriptive, no significance ranking"
category,musical_instruments,Product condition / mismatch,16,232,0.06896551724137931,68,0.23529411764705882,False,"written>=100 and issue>=20; descriptive, no significance ranking"
category,office_furniture,Delivery waiting / non-receipt,52,564,0.09219858156028368,290,0.1793103448275862,True,"written>=100 and issue>=20; descriptive, no significance ranking"
category,office_furniture,Generic / Unclear,34,564,0.06028368794326241,290,0.11724137931034483,True,"written>=100 and issue>=20; descriptive, no significance ranking"
category,office_furniture,Incomplete order / missing units,54,564,0.09574468085106383,290,0.18620689655172415,True,"written>=100 and issue>=20; descriptive, no significance ranking"
category,office_furniture,Mixed / rating-text mismatch,14,564,0.024822695035460994,290,0.04827586206896552,False,"written>=100 and issue>=20; descriptive, no significance ranking"
category,office_furniture,Mixed resolution / service,63,564,0.11170212765957446,290,0.21724137931034482,True,"written>=100 and issue>=20; descriptive, no significance ranking"
category,office_furniture,Positive delivery mentions,102,564,0.18085106382978725,290,,True,"written>=100 and issue>=20; descriptive, no significance ranking"
category,office_furniture,Positive generic mentions,73,564,0.12943262411347517,290,,True,"written>=100 and issue>=20; descriptive, no significance ranking"
category,office_furniture,Positive product / overall mentions,99,564,0.17553191489361702,290,,True,"written>=100 and issue>=20; descriptive, no significance ranking"
category,office_furniture,Product condition / mismatch,73,564,0.12943262411347517,290,0.2517241379310345,True,"written>=100 and issue>=20; descriptive, no significance ranking"
category,party_supplies,Delivery waiting / non-receipt,0,14,0.0,4,,False,"written>=100 and issue>=20; descriptive, no significance ranking"
category,party_supplies,Generic / Unclear,0,14,0.0,4,,False,"written>=100 and issue>=20; descriptive, no significance ranking"
category,party_supplies,Incomplete order / missing units,3,14,0.21428571428571427,4,0.75,False,"written>=100 and issue>=20; descriptive, no significance ranking"
category,party_supplies,Mixed / rating-text mismatch,0,14,0.0,4,,False,"written>=100 and issue>=20; descriptive, no significance ranking"
category,party_supplies,Mixed resolution / service,1,14,0.07142857142857142,4,0.25,False,"written>=100 and issue>=20; descriptive, no significance ranking"
category,party_supplies,Positive delivery mentions,4,14,0.2857142857142857,4,,False,"written>=100 and issue>=20; descriptive, no significance ranking"
category,party_supplies,Positive generic mentions,1,14,0.07142857142857142,4,,False,"written>=100 and issue>=20; descriptive, no significance ranking"
category,party_supplies,Positive product / overall mentions,5,14,0.35714285714285715,4,,False,"written>=100 and issue>=20; descriptive, no significance ranking"
category,party_supplies,Product condition / mismatch,0,14,0.0,4,,False,"written>=100 and issue>=20; descriptive, no significance ranking"
category,perfumery,Delivery waiting / non-receipt,75,1073,0.06989748369058714,297,0.25252525252525254,True,"written>=100 and issue>=20; descriptive, no significance ranking"
category,perfumery,Generic / Unclear,31,1073,0.028890959925442685,297,0.10437710437710437,True,"written>=100 and issue>=20; descriptive, no significance ranking"
category,perfumery,Incomplete order / missing units,34,1073,0.03168685927306617,297,0.11447811447811448,True,"written>=100 and issue>=20; descriptive, no significance ranking"
category,perfumery,Mixed / rating-text mismatch,35,1073,0.032618825722273995,297,0.11784511784511785,True,"written>=100 and issue>=20; descriptive, no significance ranking"
category,perfumery,Mixed resolution / service,58,1073,0.05405405405405406,297,0.19528619528619529,True,"written>=100 and issue>=20; descriptive, no significance ranking"
category,perfumery,Positive delivery mentions,266,1073,0.2479030754892824,297,,True,"written>=100 and issue>=20; descriptive, no significance ranking"
category,perfumery,Positive generic mentions,224,1073,0.2087604846225536,297,,True,"written>=100 and issue>=20; descriptive, no significance ranking"
category,perfumery,Positive product / overall mentions,286,1073,0.26654240447343897,297,,True,"written>=100 and issue>=20; descriptive, no significance ranking"
category,perfumery,Product condition / mismatch,64,1073,0.05964585274930102,297,0.21548821548821548,True,"written>=100 and issue>=20; descriptive, no significance ranking"
category,pet_shop,Delivery waiting / non-receipt,36,567,0.06349206349206349,172,0.20930232558139536,True,"written>=100 and issue>=20; descriptive, no significance ranking"
category,pet_shop,Generic / Unclear,15,567,0.026455026455026454,172,0.0872093023255814,False,"written>=100 and issue>=20; descriptive, no significance ranking"
category,pet_shop,Incomplete order / missing units,23,567,0.04056437389770723,172,0.13372093023255813,True,"written>=100 and issue>=20; descriptive, no significance ranking"
category,pet_shop,Mixed / rating-text mismatch,10,567,0.01763668430335097,172,0.05813953488372093,False,"written>=100 and issue>=20; descriptive, no significance ranking"
category,pet_shop,Mixed resolution / service,51,567,0.08994708994708994,172,0.29651162790697677,True,"written>=100 and issue>=20; descriptive, no significance ranking"
category,pet_shop,Positive delivery mentions,134,567,0.23633156966490299,172,,True,"written>=100 and issue>=20; descriptive, no significance ranking"
category,pet_shop,Positive generic mentions,93,567,0.164021164021164,172,,True,"written>=100 and issue>=20; descriptive, no significance ranking"
category,pet_shop,Positive product / overall mentions,168,567,0.2962962962962963,172,,True,"written>=100 and issue>=20; descriptive, no significance ranking"
category,pet_shop,Product condition / mismatch,37,567,0.06525573192239859,172,0.21511627906976744,True,"written>=100 and issue>=20; descriptive, no significance ranking"
category,security_and_services,Delivery waiting / non-receipt,0,2,0.0,1,,False,"written>=100 and issue>=20; descriptive, no significance ranking"
category,security_and_services,Generic / Unclear,0,2,0.0,1,,False,"written>=100 and issue>=20; descriptive, no significance ranking"
category,security_and_services,Incomplete order / missing units,0,2,0.0,1,,False,"written>=100 and issue>=20; descriptive, no significance ranking"
category,security_and_services,Mixed / rating-text mismatch,0,2,0.0,1,,False,"written>=100 and issue>=20; descriptive, no significance ranking"
category,security_and_services,Mixed resolution / service,1,2,0.5,1,1.0,False,"written>=100 and issue>=20; descriptive, no significance ranking"
category,security_and_services,Positive delivery mentions,0,2,0.0,1,,False,"written>=100 and issue>=20; descriptive, no significance ranking"
category,security_and_services,Positive generic mentions,1,2,0.5,1,,False,"written>=100 and issue>=20; descriptive, no significance ranking"
category,security_and_services,Positive product / overall mentions,0,2,0.0,1,,False,"written>=100 and issue>=20; descriptive, no significance ranking"
category,security_and_services,Product condition / mismatch,0,2,0.0,1,,False,"written>=100 and issue>=20; descriptive, no significance ranking"
category,signaling_and_security,Delivery waiting / non-receipt,1,52,0.019230769230769232,17,0.058823529411764705,False,"written>=100 and issue>=20; descriptive, no significance ranking"
category,signaling_and_security,Generic / Unclear,4,52,0.07692307692307693,17,0.23529411764705882,False,"written>=100 and issue>=20; descriptive, no significance ranking"
category,signaling_and_security,Incomplete order / missing units,6,52,0.11538461538461539,17,0.35294117647058826,False,"written>=100 and issue>=20; descriptive, no significance ranking"
category,signaling_and_security,Mixed / rating-text mismatch,0,52,0.0,17,,False,"written>=100 and issue>=20; descriptive, no significance ranking"
category,signaling_and_security,Mixed resolution / service,3,52,0.057692307692307696,17,0.17647058823529413,False,"written>=100 and issue>=20; descriptive, no significance ranking"
category,signaling_and_security,Positive delivery mentions,12,52,0.23076923076923078,17,,False,"written>=100 and issue>=20; descriptive, no significance ranking"
category,signaling_and_security,Positive generic mentions,15,52,0.28846153846153844,17,,False,"written>=100 and issue>=20; descriptive, no significance ranking"
category,signaling_and_security,Positive product / overall mentions,8,52,0.15384615384615385,17,,False,"written>=100 and issue>=20; descriptive, no significance ranking"
category,signaling_and_security,Product condition / mismatch,3,52,0.057692307692307696,17,0.17647058823529413,False,"written>=100 and issue>=20; descriptive, no significance ranking"
category,small_appliances,Delivery waiting / non-receipt,11,235,0.04680851063829787,60,0.18333333333333332,False,"written>=100 and issue>=20; descriptive, no significance ranking"
category,small_appliances,Generic / Unclear,8,235,0.03404255319148936,60,0.13333333333333333,False,"written>=100 and issue>=20; descriptive, no significance ranking"
category,small_appliances,Incomplete order / missing units,6,235,0.02553191489361702,60,0.1,False,"written>=100 and issue>=20; descriptive, no significance ranking"
category,small_appliances,Mixed / rating-text mismatch,3,235,0.01276595744680851,60,0.05,False,"written>=100 and issue>=20; descriptive, no significance ranking"
category,small_appliances,Mixed resolution / service,17,235,0.07234042553191489,60,0.2833333333333333,False,"written>=100 and issue>=20; descriptive, no significance ranking"
category,small_appliances,Positive delivery mentions,66,235,0.28085106382978725,60,,True,"written>=100 and issue>=20; descriptive, no significance ranking"
category,small_appliances,Positive generic mentions,54,235,0.2297872340425532,60,,True,"written>=100 and issue>=20; descriptive, no significance ranking"
category,small_appliances,Positive product / overall mentions,55,235,0.23404255319148937,60,,True,"written>=100 and issue>=20; descriptive, no significance ranking"
category,small_appliances,Product condition / mismatch,15,235,0.06382978723404255,60,0.25,False,"written>=100 and issue>=20; descriptive, no significance ranking"
category,small_appliances_home_oven_and_coffee,Delivery waiting / non-receipt,2,18,0.1111111111111111,5,0.4,False,"written>=100 and issue>=20; descriptive, no significance ranking"
category,small_appliances_home_oven_and_coffee,Generic / Unclear,1,18,0.05555555555555555,5,0.2,False,"written>=100 and issue>=20; descriptive, no significance ranking"
category,small_appliances_home_oven_and_coffee,Incomplete order / missing units,0,18,0.0,5,,False,"written>=100 and issue>=20; descriptive, no significance ranking"
category,small_appliances_home_oven_and_coffee,Mixed / rating-text mismatch,0,18,0.0,5,,False,"written>=100 and issue>=20; descriptive, no significance ranking"
category,small_appliances_home_oven_and_coffee,Mixed resolution / service,1,18,0.05555555555555555,5,0.2,False,"written>=100 and issue>=20; descriptive, no significance ranking"
category,small_appliances_home_oven_and_coffee,Positive delivery mentions,5,18,0.2777777777777778,5,,False,"written>=100 and issue>=20; descriptive, no significance ranking"
category,small_appliances_home_oven_and_coffee,Positive generic mentions,3,18,0.16666666666666666,5,,False,"written>=100 and issue>=20; descriptive, no significance ranking"
category,small_appliances_home_oven_and_coffee,Positive product / overall mentions,5,18,0.2777777777777778,5,,False,"written>=100 and issue>=20; descriptive, no significance ranking"
category,small_appliances_home_oven_and_coffee,Product condition / mismatch,1,18,0.05555555555555555,5,0.2,False,"written>=100 and issue>=20; descriptive, no significance ranking"
category,sports_leisure,Delivery waiting / non-receipt,232,2610,0.08888888888888889,795,0.2918238993710692,True,"written>=100 and issue>=20; descriptive, no significance ranking"
category,sports_leisure,Generic / Unclear,90,2610,0.034482758620689655,795,0.11320754716981132,True,"written>=100 and issue>=20; descriptive, no significance ranking"
category,sports_leisure,Incomplete order / missing units,131,2610,0.050191570881226055,795,0.16477987421383647,True,"written>=100 and issue>=20; descriptive, no significance ranking"
category,sports_leisure,Mixed / rating-text mismatch,54,2610,0.020689655172413793,795,0.06792452830188679,True,"written>=100 and issue>=20; descriptive, no significance ranking"
category,sports_leisure,Mixed resolution / service,180,2610,0.06896551724137931,795,0.22641509433962265,True,"written>=100 and issue>=20; descriptive, no significance ranking"
category,sports_leisure,Positive delivery mentions,616,2610,0.23601532567049807,795,,True,"written>=100 and issue>=20; descriptive, no significance ranking"
category,sports_leisure,Positive generic mentions,541,2610,0.20727969348659003,795,,True,"written>=100 and issue>=20; descriptive, no significance ranking"
category,sports_leisure,Positive product / overall mentions,658,2610,0.25210727969348656,795,,True,"written>=100 and issue>=20; descriptive, no significance ranking"
category,sports_leisure,Product condition / mismatch,108,2610,0.041379310344827586,795,0.13584905660377358,True,"written>=100 and issue>=20; descriptive, no significance ranking"
category,stationery,Delivery waiting / non-receipt,61,757,0.08058124174372523,208,0.2932692307692308,True,"written>=100 and issue>=20; descriptive, no significance ranking"
category,stationery,Generic / Unclear,21,757,0.02774108322324967,208,0.10096153846153846,True,"written>=100 and issue>=20; descriptive, no significance ranking"
category,stationery,Incomplete order / missing units,20,757,0.026420079260237782,208,0.09615384615384616,True,"written>=100 and issue>=20; descriptive, no significance ranking"
category,stationery,Mixed / rating-text mismatch,23,757,0.03038309114927345,208,0.11057692307692307,True,"written>=100 and issue>=20; descriptive, no significance ranking"
category,stationery,Mixed resolution / service,55,757,0.0726552179656539,208,0.2644230769230769,True,"written>=100 and issue>=20; descriptive, no significance ranking"
category,stationery,Positive delivery mentions,196,757,0.25891677675033026,208,,True,"written>=100 and issue>=20; descriptive, no significance ranking"
category,stationery,Positive generic mentions,142,757,0.18758256274768825,208,,True,"written>=100 and issue>=20; descriptive, no significance ranking"
category,stationery,Positive product / overall mentions,211,757,0.27873183619550856,208,,True,"written>=100 and issue>=20; descriptive, no significance ranking"
category,stationery,Product condition / mismatch,28,757,0.036988110964332896,208,0.1346153846153846,True,"written>=100 and issue>=20; descriptive, no significance ranking"
category,tablets_printing_image,Delivery waiting / non-receipt,3,27,0.1111111111111111,8,0.375,False,"written>=100 and issue>=20; descriptive, no significance ranking"
category,tablets_printing_image,Generic / Unclear,2,27,0.07407407407407407,8,0.25,False,"written>=100 and issue>=20; descriptive, no significance ranking"
category,tablets_printing_image,Incomplete order / missing units,0,27,0.0,8,,False,"written>=100 and issue>=20; descriptive, no significance ranking"
category,tablets_printing_image,Mixed / rating-text mismatch,1,27,0.037037037037037035,8,0.125,False,"written>=100 and issue>=20; descriptive, no significance ranking"
category,tablets_printing_image,Mixed resolution / service,1,27,0.037037037037037035,8,0.125,False,"written>=100 and issue>=20; descriptive, no significance ranking"
category,tablets_printing_image,Positive delivery mentions,11,27,0.4074074074074074,8,,False,"written>=100 and issue>=20; descriptive, no significance ranking"
category,tablets_printing_image,Positive generic mentions,4,27,0.14814814814814814,8,,False,"written>=100 and issue>=20; descriptive, no significance ranking"
category,tablets_printing_image,Positive product / overall mentions,4,27,0.14814814814814814,8,,False,"written>=100 and issue>=20; descriptive, no significance ranking"
category,tablets_printing_image,Product condition / mismatch,1,27,0.037037037037037035,8,0.125,False,"written>=100 and issue>=20; descriptive, no significance ranking"
category,telephony,Delivery waiting / non-receipt,101,1648,0.06128640776699029,568,0.17781690140845072,True,"written>=100 and issue>=20; descriptive, no significance ranking"
category,telephony,Generic / Unclear,64,1648,0.038834951456310676,568,0.11267605633802817,True,"written>=100 and issue>=20; descriptive, no significance ranking"
category,telephony,Incomplete order / missing units,59,1648,0.035800970873786406,568,0.10387323943661972,True,"written>=100 and issue>=20; descriptive, no significance ranking"
category,telephony,Mixed / rating-text mismatch,37,1648,0.022451456310679612,568,0.06514084507042253,True,"written>=100 and issue>=20; descriptive, no significance ranking"
category,telephony,Mixed resolution / service,119,1648,0.07220873786407767,568,0.20950704225352113,True,"written>=100 and issue>=20; descriptive, no significance ranking"
category,telephony,Positive delivery mentions,382,1648,0.23179611650485438,568,,True,"written>=100 and issue>=20; descriptive, no significance ranking"
category,telephony,Positive generic mentions,306,1648,0.18567961165048544,568,,True,"written>=100 and issue>=20; descriptive, no significance ranking"
category,telephony,Positive product / overall mentions,392,1648,0.23786407766990292,568,,True,"written>=100 and issue>=20; descriptive, no significance ranking"
category,telephony,Product condition / mismatch,188,1648,0.11407766990291263,568,0.33098591549295775,True,"written>=100 and issue>=20; descriptive, no significance ranking"
category,toys,Delivery waiting / non-receipt,95,1292,0.07352941176470588,375,0.25333333333333335,True,"written>=100 and issue>=20; descriptive, no significance ranking"
category,toys,Generic / Unclear,31,1292,0.023993808049535603,375,0.08266666666666667,True,"written>=100 and issue>=20; descriptive, no significance ranking"
category,toys,Incomplete order / missing units,43,1292,0.033281733746130034,375,0.11466666666666667,True,"written>=100 and issue>=20; descriptive, no significance ranking"
category,toys,Mixed / rating-text mismatch,26,1292,0.020123839009287926,375,0.06933333333333333,True,"written>=100 and issue>=20; descriptive, no significance ranking"
category,toys,Mixed resolution / service,88,1292,0.06811145510835913,375,0.23466666666666666,True,"written>=100 and issue>=20; descriptive, no significance ranking"
category,toys,Positive delivery mentions,335,1292,0.2592879256965944,375,,True,"written>=100 and issue>=20; descriptive, no significance ranking"
category,toys,Positive generic mentions,271,1292,0.20975232198142416,375,,True,"written>=100 and issue>=20; descriptive, no significance ranking"
category,toys,Positive product / overall mentions,311,1292,0.24071207430340558,375,,True,"written>=100 and issue>=20; descriptive, no significance ranking"
category,toys,Product condition / mismatch,92,1292,0.07120743034055728,375,0.24533333333333332,True,"written>=100 and issue>=20; descriptive, no significance ranking"
category,watches_gifts,Delivery waiting / non-receipt,191,2211,0.08638625056535504,734,0.26021798365122617,True,"written>=100 and issue>=20; descriptive, no significance ranking"
category,watches_gifts,Generic / Unclear,88,2211,0.03980099502487562,734,0.11989100817438691,True,"written>=100 and issue>=20; descriptive, no significance ranking"
category,watches_gifts,Incomplete order / missing units,59,2211,0.02668475802804161,734,0.08038147138964577,True,"written>=100 and issue>=20; descriptive, no significance ranking"
category,watches_gifts,Mixed / rating-text mismatch,73,2211,0.033016734509271825,734,0.0994550408719346,True,"written>=100 and issue>=20; descriptive, no significance ranking"
category,watches_gifts,Mixed resolution / service,175,2211,0.07914970601537766,734,0.23841961852861035,True,"written>=100 and issue>=20; descriptive, no significance ranking"
category,watches_gifts,Positive delivery mentions,560,2211,0.2532790592492085,734,,True,"written>=100 and issue>=20; descriptive, no significance ranking"
category,watches_gifts,Positive generic mentions,392,2211,0.17729534147444595,734,,True,"written>=100 and issue>=20; descriptive, no significance ranking"
category,watches_gifts,Positive product / overall mentions,525,2211,0.23744911804613297,734,,True,"written>=100 and issue>=20; descriptive, no significance ranking"
category,watches_gifts,Product condition / mismatch,148,2211,0.06693803708729082,734,0.2016348773841962,True,"written>=100 and issue>=20; descriptive, no significance ranking"
purchase_month,2017-01,Delivery waiting / non-receipt,14,333,0.042042042042042045,102,0.13725490196078433,False,"written>=100 and issue>=20; descriptive, no significance ranking"
purchase_month,2017-01,Generic / Unclear,13,333,0.03903903903903904,102,0.12745098039215685,False,"written>=100 and issue>=20; descriptive, no significance ranking"
purchase_month,2017-01,Incomplete order / missing units,14,333,0.042042042042042045,102,0.13725490196078433,False,"written>=100 and issue>=20; descriptive, no significance ranking"
purchase_month,2017-01,Mixed / rating-text mismatch,10,333,0.03003003003003003,102,0.09803921568627451,False,"written>=100 and issue>=20; descriptive, no significance ranking"
purchase_month,2017-01,Mixed resolution / service,27,333,0.08108108108108109,102,0.2647058823529412,True,"written>=100 and issue>=20; descriptive, no significance ranking"
purchase_month,2017-01,Positive delivery mentions,82,333,0.24624624624624625,102,,True,"written>=100 and issue>=20; descriptive, no significance ranking"
purchase_month,2017-01,Positive generic mentions,68,333,0.2042042042042042,102,,True,"written>=100 and issue>=20; descriptive, no significance ranking"
purchase_month,2017-01,Positive product / overall mentions,81,333,0.24324324324324326,102,,True,"written>=100 and issue>=20; descriptive, no significance ranking"
purchase_month,2017-01,Product condition / mismatch,24,333,0.07207207207207207,102,0.23529411764705882,True,"written>=100 and issue>=20; descriptive, no significance ranking"
purchase_month,2017-02,Delivery waiting / non-receipt,33,724,0.04558011049723757,204,0.16176470588235295,True,"written>=100 and issue>=20; descriptive, no significance ranking"
purchase_month,2017-02,Generic / Unclear,24,724,0.03314917127071823,204,0.11764705882352941,True,"written>=100 and issue>=20; descriptive, no significance ranking"
purchase_month,2017-02,Incomplete order / missing units,24,724,0.03314917127071823,204,0.11764705882352941,True,"written>=100 and issue>=20; descriptive, no significance ranking"
purchase_month,2017-02,Mixed / rating-text mismatch,21,724,0.029005524861878452,204,0.10294117647058823,True,"written>=100 and issue>=20; descriptive, no significance ranking"
purchase_month,2017-02,Mixed resolution / service,42,724,0.058011049723756904,204,0.20588235294117646,True,"written>=100 and issue>=20; descriptive, no significance ranking"
purchase_month,2017-02,Positive delivery mentions,185,724,0.255524861878453,204,,True,"written>=100 and issue>=20; descriptive, no significance ranking"
purchase_month,2017-02,Positive generic mentions,159,724,0.21961325966850828,204,,True,"written>=100 and issue>=20; descriptive, no significance ranking"
purchase_month,2017-02,Positive product / overall mentions,176,724,0.2430939226519337,204,,True,"written>=100 and issue>=20; descriptive, no significance ranking"
purchase_month,2017-02,Product condition / mismatch,60,724,0.08287292817679558,204,0.29411764705882354,True,"written>=100 and issue>=20; descriptive, no significance ranking"
purchase_month,2017-03,Delivery waiting / non-receipt,65,1061,0.061262959472196045,315,0.20634920634920634,True,"written>=100 and issue>=20; descriptive, no significance ranking"
purchase_month,2017-03,Generic / Unclear,30,1061,0.02827521206409048,315,0.09523809523809523,True,"written>=100 and issue>=20; descriptive, no significance ranking"
purchase_month,2017-03,Incomplete order / missing units,48,1061,0.04524033930254477,315,0.1523809523809524,True,"written>=100 and issue>=20; descriptive, no significance ranking"
purchase_month,2017-03,Mixed / rating-text mismatch,30,1061,0.02827521206409048,315,0.09523809523809523,True,"written>=100 and issue>=20; descriptive, no significance ranking"
purchase_month,2017-03,Mixed resolution / service,66,1061,0.06220546654099906,315,0.20952380952380953,True,"written>=100 and issue>=20; descriptive, no significance ranking"
purchase_month,2017-03,Positive delivery mentions,251,1061,0.236569274269557,315,,True,"written>=100 and issue>=20; descriptive, no significance ranking"
purchase_month,2017-03,Positive generic mentions,207,1061,0.1950989632422243,315,,True,"written>=100 and issue>=20; descriptive, no significance ranking"
purchase_month,2017-03,Positive product / overall mentions,288,1061,0.2714420358152686,315,,True,"written>=100 and issue>=20; descriptive, no significance ranking"
purchase_month,2017-03,Product condition / mismatch,76,1061,0.07163053722902922,315,0.24126984126984127,True,"written>=100 and issue>=20; descriptive, no significance ranking"
purchase_month,2017-04,Delivery waiting / non-receipt,66,942,0.07006369426751592,273,0.24175824175824176,True,"written>=100 and issue>=20; descriptive, no significance ranking"
purchase_month,2017-04,Generic / Unclear,34,942,0.036093418259023353,273,0.12454212454212454,True,"written>=100 and issue>=20; descriptive, no significance ranking"
purchase_month,2017-04,Incomplete order / missing units,33,942,0.03503184713375796,273,0.12087912087912088,True,"written>=100 and issue>=20; descriptive, no significance ranking"
purchase_month,2017-04,Mixed / rating-text mismatch,24,942,0.025477707006369428,273,0.08791208791208792,True,"written>=100 and issue>=20; descriptive, no significance ranking"
purchase_month,2017-04,Mixed resolution / service,60,942,0.06369426751592357,273,0.21978021978021978,True,"written>=100 and issue>=20; descriptive, no significance ranking"
purchase_month,2017-04,Positive delivery mentions,210,942,0.2229299363057325,273,,True,"written>=100 and issue>=20; descriptive, no significance ranking"
purchase_month,2017-04,Positive generic mentions,208,942,0.2208067940552017,273,,True,"written>=100 and issue>=20; descriptive, no significance ranking"
purchase_month,2017-04,Positive product / overall mentions,251,942,0.2664543524416136,273,,True,"written>=100 and issue>=20; descriptive, no significance ranking"
purchase_month,2017-04,Product condition / mismatch,56,942,0.059447983014861996,273,0.20512820512820512,True,"written>=100 and issue>=20; descriptive, no significance ranking"
purchase_month,2017-05,Delivery waiting / non-receipt,59,1427,0.04134548002803083,399,0.14786967418546365,True,"written>=100 and issue>=20; descriptive, no significance ranking"
purchase_month,2017-05,Generic / Unclear,41,1427,0.028731604765241767,399,0.10275689223057644,True,"written>=100 and issue>=20; descriptive, no significance ranking"
purchase_month,2017-05,Incomplete order / missing units,56,1427,0.039243167484232656,399,0.14035087719298245,True,"written>=100 and issue>=20; descriptive, no significance ranking"
purchase_month,2017-05,Mixed / rating-text mismatch,51,1427,0.035739313244569026,399,0.12781954887218044,True,"written>=100 and issue>=20; descriptive, no significance ranking"
purchase_month,2017-05,Mixed resolution / service,106,1427,0.07428170988086896,399,0.2656641604010025,True,"written>=100 and issue>=20; descriptive, no significance ranking"
purchase_month,2017-05,Positive delivery mentions,360,1427,0.25227750525578135,399,,True,"written>=100 and issue>=20; descriptive, no significance ranking"
purchase_month,2017-05,Positive generic mentions,317,1427,0.22214435879467415,399,,True,"written>=100 and issue>=20; descriptive, no significance ranking"
purchase_month,2017-05,Positive product / overall mentions,351,1427,0.24597056762438682,399,,True,"written>=100 and issue>=20; descriptive, no significance ranking"
purchase_month,2017-05,Product condition / mismatch,86,1427,0.060266292922214436,399,0.21553884711779447,True,"written>=100 and issue>=20; descriptive, no significance ranking"
purchase_month,2017-06,Delivery waiting / non-receipt,62,1295,0.047876447876447875,392,0.15816326530612246,True,"written>=100 and issue>=20; descriptive, no significance ranking"
purchase_month,2017-06,Generic / Unclear,55,1295,0.04247104247104247,392,0.14030612244897958,True,"written>=100 and issue>=20; descriptive, no significance ranking"
purchase_month,2017-06,Incomplete order / missing units,57,1295,0.044015444015444015,392,0.14540816326530612,True,"written>=100 and issue>=20; descriptive, no significance ranking"
purchase_month,2017-06,Mixed / rating-text mismatch,38,1295,0.029343629343629343,392,0.09693877551020408,True,"written>=100 and issue>=20; descriptive, no significance ranking"
purchase_month,2017-06,Mixed resolution / service,84,1295,0.06486486486486487,392,0.21428571428571427,True,"written>=100 and issue>=20; descriptive, no significance ranking"
purchase_month,2017-06,Positive delivery mentions,277,1295,0.2138996138996139,392,,True,"written>=100 and issue>=20; descriptive, no significance ranking"
purchase_month,2017-06,Positive generic mentions,298,1295,0.23011583011583012,392,,True,"written>=100 and issue>=20; descriptive, no significance ranking"
purchase_month,2017-06,Positive product / overall mentions,328,1295,0.25328185328185326,392,,True,"written>=100 and issue>=20; descriptive, no significance ranking"
purchase_month,2017-06,Product condition / mismatch,96,1295,0.07413127413127413,392,0.24489795918367346,True,"written>=100 and issue>=20; descriptive, no significance ranking"
purchase_month,2017-07,Delivery waiting / non-receipt,78,1611,0.048417132216014895,440,0.17727272727272728,True,"written>=100 and issue>=20; descriptive, no significance ranking"
purchase_month,2017-07,Generic / Unclear,50,1611,0.031036623215394164,440,0.11363636363636363,True,"written>=100 and issue>=20; descriptive, no significance ranking"
purchase_month,2017-07,Incomplete order / missing units,56,1611,0.03476101800124146,440,0.12727272727272726,True,"written>=100 and issue>=20; descriptive, no significance ranking"
purchase_month,2017-07,Mixed / rating-text mismatch,49,1611,0.03041589075108628,440,0.11136363636363636,True,"written>=100 and issue>=20; descriptive, no significance ranking"
purchase_month,2017-07,Mixed resolution / service,96,1611,0.0595903165735568,440,0.21818181818181817,True,"written>=100 and issue>=20; descriptive, no significance ranking"
purchase_month,2017-07,Positive delivery mentions,360,1611,0.22346368715083798,440,,True,"written>=100 and issue>=20; descriptive, no significance ranking"
purchase_month,2017-07,Positive generic mentions,376,1611,0.23339540657976413,440,,True,"written>=100 and issue>=20; descriptive, no significance ranking"
purchase_month,2017-07,Positive product / overall mentions,435,1611,0.27001862197392923,440,,True,"written>=100 and issue>=20; descriptive, no significance ranking"
purchase_month,2017-07,Product condition / mismatch,111,1611,0.06890130353817504,440,0.25227272727272726,True,"written>=100 and issue>=20; descriptive, no significance ranking"
purchase_month,2017-08,Delivery waiting / non-receipt,67,1669,0.040143798681845415,399,0.16791979949874686,True,"written>=100 and issue>=20; descriptive, no significance ranking"
purchase_month,2017-08,Generic / Unclear,33,1669,0.019772318753744758,399,0.08270676691729323,True,"written>=100 and issue>=20; descriptive, no significance ranking"
purchase_month,2017-08,Incomplete order / missing units,52,1669,0.03115638106650689,399,0.13032581453634084,True,"written>=100 and issue>=20; descriptive, no significance ranking"
purchase_month,2017-08,Mixed / rating-text mismatch,38,1669,0.022768124625524265,399,0.09523809523809523,True,"written>=100 and issue>=20; descriptive, no significance ranking"
purchase_month,2017-08,Mixed resolution / service,98,1669,0.05871779508687837,399,0.24561403508771928,True,"written>=100 and issue>=20; descriptive, no significance ranking"
purchase_month,2017-08,Positive delivery mentions,428,1669,0.25644098262432596,399,,True,"written>=100 and issue>=20; descriptive, no significance ranking"
purchase_month,2017-08,Positive generic mentions,374,1669,0.22408627920910726,399,,True,"written>=100 and issue>=20; descriptive, no significance ranking"
purchase_month,2017-08,Positive product / overall mentions,468,1669,0.280407429598562,399,,True,"written>=100 and issue>=20; descriptive, no significance ranking"
purchase_month,2017-08,Product condition / mismatch,111,1669,0.0665068903535051,399,0.2781954887218045,True,"written>=100 and issue>=20; descriptive, no significance ranking"
purchase_month,2017-09,Delivery waiting / non-receipt,90,1694,0.053128689492325853,449,0.20044543429844097,True,"written>=100 and issue>=20; descriptive, no significance ranking"
purchase_month,2017-09,Generic / Unclear,50,1694,0.0295159386068477,449,0.111358574610245,True,"written>=100 and issue>=20; descriptive, no significance ranking"
purchase_month,2017-09,Incomplete order / missing units,62,1694,0.03659976387249114,449,0.13808463251670378,True,"written>=100 and issue>=20; descriptive, no significance ranking"
purchase_month,2017-09,Mixed / rating-text mismatch,47,1694,0.027744982290436836,449,0.10467706013363029,True,"written>=100 and issue>=20; descriptive, no significance ranking"
purchase_month,2017-09,Mixed resolution / service,104,1694,0.06139315230224321,449,0.23162583518930957,True,"written>=100 and issue>=20; descriptive, no significance ranking"
purchase_month,2017-09,Positive delivery mentions,405,1694,0.23907910271546634,449,,True,"written>=100 and issue>=20; descriptive, no significance ranking"
purchase_month,2017-09,Positive generic mentions,396,1694,0.23376623376623376,449,,True,"written>=100 and issue>=20; descriptive, no significance ranking"
purchase_month,2017-09,Positive product / overall mentions,444,1694,0.26210153482880755,449,,True,"written>=100 and issue>=20; descriptive, no significance ranking"
purchase_month,2017-09,Product condition / mismatch,96,1694,0.05667060212514758,449,0.21380846325167038,True,"written>=100 and issue>=20; descriptive, no significance ranking"
purchase_month,2017-10,Delivery waiting / non-receipt,102,1833,0.05564648117839607,549,0.18579234972677597,True,"written>=100 and issue>=20; descriptive, no significance ranking"
purchase_month,2017-10,Generic / Unclear,55,1833,0.03000545553737043,549,0.10018214936247723,True,"written>=100 and issue>=20; descriptive, no significance ranking"
purchase_month,2017-10,Incomplete order / missing units,87,1833,0.04746317512274959,549,0.15846994535519127,True,"written>=100 and issue>=20; descriptive, no significance ranking"
purchase_month,2017-10,Mixed / rating-text mismatch,51,1833,0.027823240589198037,549,0.09289617486338798,True,"written>=100 and issue>=20; descriptive, no significance ranking"
purchase_month,2017-10,Mixed resolution / service,125,1833,0.06819421713038734,549,0.22768670309653916,True,"written>=100 and issue>=20; descriptive, no significance ranking"
purchase_month,2017-10,Positive delivery mentions,418,1833,0.22804146208401527,549,,True,"written>=100 and issue>=20; descriptive, no significance ranking"
purchase_month,2017-10,Positive generic mentions,393,1833,0.2144026186579378,549,,True,"written>=100 and issue>=20; descriptive, no significance ranking"
purchase_month,2017-10,Positive product / overall mentions,473,1833,0.2580469176213857,549,,True,"written>=100 and issue>=20; descriptive, no significance ranking"
purchase_month,2017-10,Product condition / mismatch,129,1833,0.07037643207855974,549,0.23497267759562843,True,"written>=100 and issue>=20; descriptive, no significance ranking"
purchase_month,2017-11,Delivery waiting / non-receipt,321,2903,0.1105752669652084,1142,0.28108581436077057,True,"written>=100 and issue>=20; descriptive, no significance ranking"
purchase_month,2017-11,Generic / Unclear,119,2903,0.04099207716155701,1142,0.1042031523642732,True,"written>=100 and issue>=20; descriptive, no significance ranking"
purchase_month,2017-11,Incomplete order / missing units,174,2903,0.059937995177402684,1142,0.15236427320490367,True,"written>=100 and issue>=20; descriptive, no significance ranking"
purchase_month,2017-11,Mixed / rating-text mismatch,90,2903,0.031002411298656562,1142,0.07880910683012259,True,"written>=100 and issue>=20; descriptive, no significance ranking"
purchase_month,2017-11,Mixed resolution / service,272,2903,0.09369617636927316,1142,0.2381786339754816,True,"written>=100 and issue>=20; descriptive, no significance ranking"
purchase_month,2017-11,Positive delivery mentions,569,2903,0.19600413365483982,1142,,True,"written>=100 and issue>=20; descriptive, no significance ranking"
purchase_month,2017-11,Positive generic mentions,542,2903,0.18670341026524284,1142,,True,"written>=100 and issue>=20; descriptive, no significance ranking"
purchase_month,2017-11,Positive product / overall mentions,650,2903,0.22390630382363072,1142,,True,"written>=100 and issue>=20; descriptive, no significance ranking"
purchase_month,2017-11,Product condition / mismatch,166,2903,0.05718222528418877,1142,0.14535901926444833,True,"written>=100 and issue>=20; descriptive, no significance ranking"
purchase_month,2017-12,Delivery waiting / non-receipt,203,2207,0.09198006343452651,772,0.26295336787564766,True,"written>=100 and issue>=20; descriptive, no significance ranking"
purchase_month,2017-12,Generic / Unclear,82,2207,0.03715450838241957,772,0.10621761658031088,True,"written>=100 and issue>=20; descriptive, no significance ranking"
purchase_month,2017-12,Incomplete order / missing units,107,2207,0.048482102401449935,772,0.13860103626943004,True,"written>=100 and issue>=20; descriptive, no significance ranking"
purchase_month,2017-12,Mixed / rating-text mismatch,62,2207,0.02809243316719529,772,0.08031088082901554,True,"written>=100 and issue>=20; descriptive, no significance ranking"
purchase_month,2017-12,Mixed resolution / service,167,2207,0.07566832804712278,772,0.21632124352331605,True,"written>=100 and issue>=20; descriptive, no significance ranking"
purchase_month,2017-12,Positive delivery mentions,518,2207,0.23470774807430902,772,,True,"written>=100 and issue>=20; descriptive, no significance ranking"
purchase_month,2017-12,Positive generic mentions,384,2207,0.1739918441323063,772,,True,"written>=100 and issue>=20; descriptive, no significance ranking"
purchase_month,2017-12,Positive product / overall mentions,533,2207,0.24150430448572724,772,,True,"written>=100 and issue>=20; descriptive, no significance ranking"
purchase_month,2017-12,Product condition / mismatch,151,2207,0.06841866787494336,772,0.1955958549222798,True,"written>=100 and issue>=20; descriptive, no significance ranking"
purchase_month,2018-01,Delivery waiting / non-receipt,237,2872,0.08252089136490251,1019,0.2325809617271835,True,"written>=100 and issue>=20; descriptive, no significance ranking"
purchase_month,2018-01,Generic / Unclear,101,2872,0.03516713091922006,1019,0.09911678115799803,True,"written>=100 and issue>=20; descriptive, no significance ranking"
purchase_month,2018-01,Incomplete order / missing units,149,2872,0.05188022284122563,1019,0.14622178606476938,True,"written>=100 and issue>=20; descriptive, no significance ranking"
purchase_month,2018-01,Mixed / rating-text mismatch,79,2872,0.027506963788300837,1019,0.0775269872423945,True,"written>=100 and issue>=20; descriptive, no significance ranking"
purchase_month,2018-01,Mixed resolution / service,234,2872,0.08147632311977716,1019,0.2296368989205103,True,"written>=100 and issue>=20; descriptive, no significance ranking"
purchase_month,2018-01,Positive delivery mentions,659,2872,0.22945682451253482,1019,,True,"written>=100 and issue>=20; descriptive, no significance ranking"
purchase_month,2018-01,Positive generic mentions,513,2872,0.17862116991643454,1019,,True,"written>=100 and issue>=20; descriptive, no significance ranking"
purchase_month,2018-01,Positive product / overall mentions,681,2872,0.23711699164345404,1019,,True,"written>=100 and issue>=20; descriptive, no significance ranking"
purchase_month,2018-01,Product condition / mismatch,219,2872,0.07625348189415042,1019,0.21491658488714427,True,"written>=100 and issue>=20; descriptive, no significance ranking"
purchase_month,2018-02,Delivery waiting / non-receipt,382,2768,0.13800578034682082,1213,0.314921681780709,True,"written>=100 and issue>=20; descriptive, no significance ranking"
purchase_month,2018-02,Generic / Unclear,125,2768,0.045158959537572256,1213,0.10305028854080792,True,"written>=100 and issue>=20; descriptive, no significance ranking"
purchase_month,2018-02,Incomplete order / missing units,140,2768,0.05057803468208093,1213,0.11541632316570487,True,"written>=100 and issue>=20; descriptive, no significance ranking"
purchase_month,2018-02,Mixed / rating-text mismatch,85,2768,0.03070809248554913,1213,0.07007419620774938,True,"written>=100 and issue>=20; descriptive, no significance ranking"
purchase_month,2018-02,Mixed resolution / service,275,2768,0.09934971098265896,1213,0.2267106347897774,True,"written>=100 and issue>=20; descriptive, no significance ranking"
purchase_month,2018-02,Positive delivery mentions,544,2768,0.19653179190751446,1213,,True,"written>=100 and issue>=20; descriptive, no significance ranking"
purchase_month,2018-02,Positive generic mentions,428,2768,0.1546242774566474,1213,,True,"written>=100 and issue>=20; descriptive, no significance ranking"
purchase_month,2018-02,Positive product / overall mentions,583,2768,0.21062138728323698,1213,,True,"written>=100 and issue>=20; descriptive, no significance ranking"
purchase_month,2018-02,Product condition / mismatch,206,2768,0.07442196531791907,1213,0.16982687551525144,True,"written>=100 and issue>=20; descriptive, no significance ranking"
purchase_month,2018-03,Delivery waiting / non-receipt,451,2922,0.1543463381245722,1366,0.3301610541727672,True,"written>=100 and issue>=20; descriptive, no significance ranking"
purchase_month,2018-03,Generic / Unclear,146,2922,0.04996577686516085,1366,0.10688140556368961,True,"written>=100 and issue>=20; descriptive, no significance ranking"
purchase_month,2018-03,Incomplete order / missing units,159,2922,0.054414784394250515,1366,0.116398243045388,True,"written>=100 and issue>=20; descriptive, no significance ranking"
purchase_month,2018-03,Mixed / rating-text mismatch,92,2922,0.03148528405201916,1366,0.06734992679355783,True,"written>=100 and issue>=20; descriptive, no significance ranking"
purchase_month,2018-03,Mixed resolution / service,309,2922,0.10574948665297741,1366,0.22620790629575402,True,"written>=100 and issue>=20; descriptive, no significance ranking"
purchase_month,2018-03,Positive delivery mentions,510,2922,0.17453798767967146,1366,,True,"written>=100 and issue>=20; descriptive, no significance ranking"
purchase_month,2018-03,Positive generic mentions,479,2922,0.16392881587953456,1366,,True,"written>=100 and issue>=20; descriptive, no significance ranking"
purchase_month,2018-03,Positive product / overall mentions,567,2922,0.19404517453798767,1366,,True,"written>=100 and issue>=20; descriptive, no significance ranking"
purchase_month,2018-03,Product condition / mismatch,209,2922,0.07152635181382615,1366,0.15300146412884333,True,"written>=100 and issue>=20; descriptive, no significance ranking"
purchase_month,2018-04,Delivery waiting / non-receipt,152,2676,0.05680119581464873,783,0.194125159642401,True,"written>=100 and issue>=20; descriptive, no significance ranking"
purchase_month,2018-04,Generic / Unclear,70,2676,0.026158445440956652,783,0.08939974457215837,True,"written>=100 and issue>=20; descriptive, no significance ranking"
purchase_month,2018-04,Incomplete order / missing units,131,2676,0.04895366218236173,783,0.1673052362707535,True,"written>=100 and issue>=20; descriptive, no significance ranking"
purchase_month,2018-04,Mixed / rating-text mismatch,60,2676,0.02242152466367713,783,0.07662835249042145,True,"written>=100 and issue>=20; descriptive, no significance ranking"
purchase_month,2018-04,Mixed resolution / service,189,2676,0.07062780269058296,783,0.2413793103448276,True,"written>=100 and issue>=20; descriptive, no significance ranking"
purchase_month,2018-04,Positive delivery mentions,663,2676,0.24775784753363228,783,,True,"written>=100 and issue>=20; descriptive, no significance ranking"
purchase_month,2018-04,Positive generic mentions,557,2676,0.20814648729446936,783,,True,"written>=100 and issue>=20; descriptive, no significance ranking"
purchase_month,2018-04,Positive product / overall mentions,673,2676,0.25149476831091183,783,,True,"written>=100 and issue>=20; descriptive, no significance ranking"
purchase_month,2018-04,Product condition / mismatch,181,2676,0.06763826606875935,783,0.23116219667943805,True,"written>=100 and issue>=20; descriptive, no significance ranking"
purchase_month,2018-05,Delivery waiting / non-receipt,174,2637,0.06598407281001138,814,0.21375921375921375,True,"written>=100 and issue>=20; descriptive, no significance ranking"
purchase_month,2018-05,Generic / Unclear,75,2637,0.02844141069397042,814,0.09213759213759214,True,"written>=100 and issue>=20; descriptive, no significance ranking"
purchase_month,2018-05,Incomplete order / missing units,107,2637,0.04057641259006447,814,0.13144963144963145,True,"written>=100 and issue>=20; descriptive, no significance ranking"
purchase_month,2018-05,Mixed / rating-text mismatch,58,2637,0.021994690936670457,814,0.07125307125307126,True,"written>=100 and issue>=20; descriptive, no significance ranking"
purchase_month,2018-05,Mixed resolution / service,204,2637,0.07736063708759955,814,0.25061425061425063,True,"written>=100 and issue>=20; descriptive, no significance ranking"
purchase_month,2018-05,Positive delivery mentions,597,2637,0.22639362912400454,814,,True,"written>=100 and issue>=20; descriptive, no significance ranking"
purchase_month,2018-05,Positive generic mentions,544,2637,0.2062950322335988,814,,True,"written>=100 and issue>=20; descriptive, no significance ranking"
purchase_month,2018-05,Positive product / overall mentions,682,2637,0.25862722791050435,814,,True,"written>=100 and issue>=20; descriptive, no significance ranking"
purchase_month,2018-05,Product condition / mismatch,196,2637,0.07432688661357603,814,0.24078624078624078,True,"written>=100 and issue>=20; descriptive, no significance ranking"
purchase_month,2018-06,Delivery waiting / non-receipt,96,2388,0.04020100502512563,673,0.1426448736998514,True,"written>=100 and issue>=20; descriptive, no significance ranking"
purchase_month,2018-06,Generic / Unclear,65,2388,0.027219430485762145,673,0.09658246656760773,True,"written>=100 and issue>=20; descriptive, no significance ranking"
purchase_month,2018-06,Incomplete order / missing units,116,2388,0.048576214405360134,673,0.1723625557206538,True,"written>=100 and issue>=20; descriptive, no significance ranking"
purchase_month,2018-06,Mixed / rating-text mismatch,62,2388,0.025963149078726967,673,0.09212481426448738,True,"written>=100 and issue>=20; descriptive, no significance ranking"
purchase_month,2018-06,Mixed resolution / service,146,2388,0.06113902847571189,673,0.21693907875185736,True,"written>=100 and issue>=20; descriptive, no significance ranking"
purchase_month,2018-06,Positive delivery mentions,550,2388,0.23031825795644892,673,,True,"written>=100 and issue>=20; descriptive, no significance ranking"
purchase_month,2018-06,Positive generic mentions,494,2388,0.2068676716917923,673,,True,"written>=100 and issue>=20; descriptive, no significance ranking"
purchase_month,2018-06,Positive product / overall mentions,671,2388,0.28098827470686766,673,,True,"written>=100 and issue>=20; descriptive, no significance ranking"
purchase_month,2018-06,Product condition / mismatch,188,2388,0.07872696817420435,673,0.27934621099554235,True,"written>=100 and issue>=20; descriptive, no significance ranking"
purchase_month,2018-07,Delivery waiting / non-receipt,100,2384,0.04194630872483222,644,0.15527950310559005,True,"written>=100 and issue>=20; descriptive, no significance ranking"
purchase_month,2018-07,Generic / Unclear,59,2384,0.024748322147651006,644,0.09161490683229814,True,"written>=100 and issue>=20; descriptive, no significance ranking"
purchase_month,2018-07,Incomplete order / missing units,79,2384,0.03313758389261745,644,0.12267080745341614,True,"written>=100 and issue>=20; descriptive, no significance ranking"
purchase_month,2018-07,Mixed / rating-text mismatch,61,2384,0.025587248322147652,644,0.09472049689440994,True,"written>=100 and issue>=20; descriptive, no significance ranking"
purchase_month,2018-07,Mixed resolution / service,170,2384,0.07130872483221476,644,0.2639751552795031,True,"written>=100 and issue>=20; descriptive, no significance ranking"
purchase_month,2018-07,Positive delivery mentions,559,2384,0.23447986577181207,644,,True,"written>=100 and issue>=20; descriptive, no significance ranking"
purchase_month,2018-07,Positive generic mentions,508,2384,0.21308724832214765,644,,True,"written>=100 and issue>=20; descriptive, no significance ranking"
purchase_month,2018-07,Positive product / overall mentions,673,2384,0.2822986577181208,644,,True,"written>=100 and issue>=20; descriptive, no significance ranking"
purchase_month,2018-07,Product condition / mismatch,175,2384,0.07340604026845637,644,0.2717391304347826,True,"written>=100 and issue>=20; descriptive, no significance ranking"
