sample,days,dimension,value,metric,sample_size,mean,median,p25,p75,active_any_rate,active_last30_rate,low_sample,analysis_window,cohort_definition,denominator
each_horizon_mature,30,all,All,merchandise_cents,280,63482.08928571428,23827.5,11680.75,54267.5,1.0,1.0,False,"[2017-01-01,2018-08-01)","mature by horizon OR same common90 sample, explicitly separated",seller count; group n<10 not interpreted
each_horizon_mature,30,all,All,orders,280,4.203571428571428,2.0,1.0,4.0,1.0,1.0,False,"[2017-01-01,2018-08-01)","mature by horizon OR same common90 sample, explicitly separated",seller count; group n<10 not interpreted
each_horizon_mature,30,all,All,items,280,4.735714285714286,3.0,1.0,5.0,1.0,1.0,False,"[2017-01-01,2018-08-01)","mature by horizon OR same common90 sample, explicitly separated",seller count; group n<10 not interpreted
each_horizon_mature,30,all,All,time_to_first_delivered_days,280,43.414533110119045,38.13474537037037,18.88049189814815,62.05752604166666,1.0,1.0,False,"[2017-01-01,2018-08-01)","mature by horizon OR same common90 sample, explicitly separated",seller count; group n<10 not interpreted
each_horizon_mature,60,all,All,merchandise_cents,200,125216.79,40175.0,16535.0,112317.0,1.0,0.64,False,"[2017-01-01,2018-08-01)","mature by horizon OR same common90 sample, explicitly separated",seller count; group n<10 not interpreted
each_horizon_mature,60,all,All,orders,200,7.9,4.0,2.0,8.0,1.0,0.64,False,"[2017-01-01,2018-08-01)","mature by horizon OR same common90 sample, explicitly separated",seller count; group n<10 not interpreted
each_horizon_mature,60,all,All,items,200,8.81,4.0,2.0,9.0,1.0,0.64,False,"[2017-01-01,2018-08-01)","mature by horizon OR same common90 sample, explicitly separated",seller count; group n<10 not interpreted
each_horizon_mature,60,all,All,time_to_first_delivered_days,200,37.21488888888889,28.80247685185185,15.863689236111112,53.693530092592596,1.0,0.64,False,"[2017-01-01,2018-08-01)","mature by horizon OR same common90 sample, explicitly separated",seller count; group n<10 not interpreted
each_horizon_mature,90,all,All,merchandise_cents,124,237618.7741935484,69464.5,23776.25,170223.0,1.0,0.6693548387096774,False,"[2017-01-01,2018-08-01)","mature by horizon OR same common90 sample, explicitly separated",seller count; group n<10 not interpreted
each_horizon_mature,90,all,All,orders,124,14.701612903225806,6.0,3.0,13.0,1.0,0.6693548387096774,False,"[2017-01-01,2018-08-01)","mature by horizon OR same common90 sample, explicitly separated",seller count; group n<10 not interpreted
each_horizon_mature,90,all,All,items,124,16.475806451612904,7.0,3.0,14.25,1.0,0.6693548387096774,False,"[2017-01-01,2018-08-01)","mature by horizon OR same common90 sample, explicitly separated",seller count; group n<10 not interpreted
each_horizon_mature,90,all,All,time_to_first_delivered_days,124,33.904595840800475,26.690792824074073,14.790882523148149,46.262256944444445,1.0,0.6693548387096774,False,"[2017-01-01,2018-08-01)","mature by horizon OR same common90 sample, explicitly separated",seller count; group n<10 not interpreted
each_horizon_mature,30,origin,direct_traffic,merchandise_cents,22,31513.409090909092,20153.5,6484.0,46410.5,1.0,1.0,False,"[2017-01-01,2018-08-01)","mature by horizon OR same common90 sample, explicitly separated",seller count; group n<10 not interpreted
each_horizon_mature,30,origin,direct_traffic,orders,22,2.909090909090909,2.5,1.0,3.75,1.0,1.0,False,"[2017-01-01,2018-08-01)","mature by horizon OR same common90 sample, explicitly separated",seller count; group n<10 not interpreted
each_horizon_mature,30,origin,direct_traffic,items,22,3.227272727272727,3.0,1.25,4.0,1.0,1.0,False,"[2017-01-01,2018-08-01)","mature by horizon OR same common90 sample, explicitly separated",seller count; group n<10 not interpreted
each_horizon_mature,30,origin,direct_traffic,time_to_first_delivered_days,22,39.467754103535356,34.432372685185186,17.250734953703702,64.29405381944444,1.0,1.0,False,"[2017-01-01,2018-08-01)","mature by horizon OR same common90 sample, explicitly separated",seller count; group n<10 not interpreted
each_horizon_mature,30,origin,display,merchandise_cents,1,27300.0,27300.0,27300.0,27300.0,1.0,1.0,True,"[2017-01-01,2018-08-01)","mature by horizon OR same common90 sample, explicitly separated",seller count; group n<10 not interpreted
each_horizon_mature,30,origin,display,orders,1,2.0,2.0,2.0,2.0,1.0,1.0,True,"[2017-01-01,2018-08-01)","mature by horizon OR same common90 sample, explicitly separated",seller count; group n<10 not interpreted
each_horizon_mature,30,origin,display,items,1,2.0,2.0,2.0,2.0,1.0,1.0,True,"[2017-01-01,2018-08-01)","mature by horizon OR same common90 sample, explicitly separated",seller count; group n<10 not interpreted
each_horizon_mature,30,origin,display,time_to_first_delivered_days,1,59.82408564814815,59.82408564814815,59.82408564814815,59.82408564814815,1.0,1.0,True,"[2017-01-01,2018-08-01)","mature by horizon OR same common90 sample, explicitly separated",seller count; group n<10 not interpreted
each_horizon_mature,30,origin,email,merchandise_cents,5,132703.8,14800.0,4740.0,89990.0,1.0,1.0,True,"[2017-01-01,2018-08-01)","mature by horizon OR same common90 sample, explicitly separated",seller count; group n<10 not interpreted
each_horizon_mature,30,origin,email,orders,5,2.6,1.0,1.0,4.0,1.0,1.0,True,"[2017-01-01,2018-08-01)","mature by horizon OR same common90 sample, explicitly separated",seller count; group n<10 not interpreted
each_horizon_mature,30,origin,email,items,5,3.0,1.0,1.0,4.0,1.0,1.0,True,"[2017-01-01,2018-08-01)","mature by horizon OR same common90 sample, explicitly separated",seller count; group n<10 not interpreted
each_horizon_mature,30,origin,email,time_to_first_delivered_days,5,51.356180555555554,58.60239583333333,38.799502314814816,59.73888888888889,1.0,1.0,True,"[2017-01-01,2018-08-01)","mature by horizon OR same common90 sample, explicitly separated",seller count; group n<10 not interpreted
each_horizon_mature,30,origin,organic_search,merchandise_cents,88,55176.375,29945.0,13053.75,50146.25,1.0,1.0,False,"[2017-01-01,2018-08-01)","mature by horizon OR same common90 sample, explicitly separated",seller count; group n<10 not interpreted
each_horizon_mature,30,origin,organic_search,orders,88,3.7954545454545454,2.5,1.0,4.0,1.0,1.0,False,"[2017-01-01,2018-08-01)","mature by horizon OR same common90 sample, explicitly separated",seller count; group n<10 not interpreted
each_horizon_mature,30,origin,organic_search,items,88,4.2272727272727275,3.0,1.0,5.0,1.0,1.0,False,"[2017-01-01,2018-08-01)","mature by horizon OR same common90 sample, explicitly separated",seller count; group n<10 not interpreted
each_horizon_mature,30,origin,organic_search,time_to_first_delivered_days,88,44.80570562394781,38.830353009259255,20.072919560185184,64.60390335648148,1.0,1.0,False,"[2017-01-01,2018-08-01)","mature by horizon OR same common90 sample, explicitly separated",seller count; group n<10 not interpreted
each_horizon_mature,30,origin,other,merchandise_cents,2,118019.5,118019.5,106809.75,129229.25,1.0,1.0,True,"[2017-01-01,2018-08-01)","mature by horizon OR same common90 sample, explicitly separated",seller count; group n<10 not interpreted
each_horizon_mature,30,origin,other,orders,2,14.5,14.5,9.25,19.75,1.0,1.0,True,"[2017-01-01,2018-08-01)","mature by horizon OR same common90 sample, explicitly separated",seller count; group n<10 not interpreted
each_horizon_mature,30,origin,other,items,2,15.5,15.5,9.75,21.25,1.0,1.0,True,"[2017-01-01,2018-08-01)","mature by horizon OR same common90 sample, explicitly separated",seller count; group n<10 not interpreted
each_horizon_mature,30,origin,other,time_to_first_delivered_days,2,55.38440393518518,55.38440393518518,31.066872106481483,79.70193576388888,1.0,1.0,True,"[2017-01-01,2018-08-01)","mature by horizon OR same common90 sample, explicitly separated",seller count; group n<10 not interpreted
each_horizon_mature,30,origin,paid_search,merchandise_cents,72,59537.13888888889,27600.0,14612.5,74047.5,1.0,1.0,False,"[2017-01-01,2018-08-01)","mature by horizon OR same common90 sample, explicitly separated",seller count; group n<10 not interpreted
each_horizon_mature,30,origin,paid_search,orders,72,5.027777777777778,2.0,1.0,4.25,1.0,1.0,False,"[2017-01-01,2018-08-01)","mature by horizon OR same common90 sample, explicitly separated",seller count; group n<10 not interpreted
each_horizon_mature,30,origin,paid_search,items,72,5.847222222222222,3.0,1.0,5.25,1.0,1.0,False,"[2017-01-01,2018-08-01)","mature by horizon OR same common90 sample, explicitly separated",seller count; group n<10 not interpreted
each_horizon_mature,30,origin,paid_search,time_to_first_delivered_days,72,42.38935796039095,39.15365162037037,19.094236111111112,56.68266493055556,1.0,1.0,False,"[2017-01-01,2018-08-01)","mature by horizon OR same common90 sample, explicitly separated",seller count; group n<10 not interpreted
each_horizon_mature,30,origin,referral,merchandise_cents,8,62697.25,49984.5,19974.25,60095.0,1.0,1.0,True,"[2017-01-01,2018-08-01)","mature by horizon OR same common90 sample, explicitly separated",seller count; group n<10 not interpreted
each_horizon_mature,30,origin,referral,orders,8,2.5,1.5,1.0,4.0,1.0,1.0,True,"[2017-01-01,2018-08-01)","mature by horizon OR same common90 sample, explicitly separated",seller count; group n<10 not interpreted
each_horizon_mature,30,origin,referral,items,8,3.25,1.5,1.0,4.5,1.0,1.0,True,"[2017-01-01,2018-08-01)","mature by horizon OR same common90 sample, explicitly separated",seller count; group n<10 not interpreted
each_horizon_mature,30,origin,referral,time_to_first_delivered_days,8,39.589017650462964,23.614832175925926,13.536817129629629,64.38394965277777,1.0,1.0,True,"[2017-01-01,2018-08-01)","mature by horizon OR same common90 sample, explicitly separated",seller count; group n<10 not interpreted
each_horizon_mature,30,origin,social,merchandise_cents,22,63081.954545454544,16490.0,8285.0,41937.75,1.0,1.0,False,"[2017-01-01,2018-08-01)","mature by horizon OR same common90 sample, explicitly separated",seller count; group n<10 not interpreted
each_horizon_mature,30,origin,social,orders,22,4.0,2.0,1.0,5.0,1.0,1.0,False,"[2017-01-01,2018-08-01)","mature by horizon OR same common90 sample, explicitly separated",seller count; group n<10 not interpreted
each_horizon_mature,30,origin,social,items,22,4.545454545454546,2.0,1.0,6.0,1.0,1.0,False,"[2017-01-01,2018-08-01)","mature by horizon OR same common90 sample, explicitly separated",seller count; group n<10 not interpreted
each_horizon_mature,30,origin,social,time_to_first_delivered_days,22,48.38699284511784,42.695277777777775,32.21183738425926,54.84815682870371,1.0,1.0,False,"[2017-01-01,2018-08-01)","mature by horizon OR same common90 sample, explicitly separated",seller count; group n<10 not interpreted
each_horizon_mature,30,origin,unknown,merchandise_cents,57,89265.54385964913,19999.0,12380.0,50710.0,1.0,1.0,False,"[2017-01-01,2018-08-01)","mature by horizon OR same common90 sample, explicitly separated",seller count; group n<10 not interpreted
each_horizon_mature,30,origin,unknown,orders,57,4.578947368421052,3.0,1.0,5.0,1.0,1.0,False,"[2017-01-01,2018-08-01)","mature by horizon OR same common90 sample, explicitly separated",seller count; group n<10 not interpreted
each_horizon_mature,30,origin,unknown,items,57,4.982456140350878,3.0,1.0,5.0,1.0,1.0,False,"[2017-01-01,2018-08-01)","mature by horizon OR same common90 sample, explicitly separated",seller count; group n<10 not interpreted
each_horizon_mature,30,origin,unknown,time_to_first_delivered_days,57,41.48645853638727,34.14384259259259,18.87130787037037,64.61996527777778,1.0,1.0,False,"[2017-01-01,2018-08-01)","mature by horizon OR same common90 sample, explicitly separated",seller count; group n<10 not interpreted
each_horizon_mature,30,origin,Missing,merchandise_cents,3,11706.666666666666,6990.0,5240.0,15815.0,1.0,1.0,True,"[2017-01-01,2018-08-01)","mature by horizon OR same common90 sample, explicitly separated",seller count; group n<10 not interpreted
each_horizon_mature,30,origin,Missing,orders,3,1.3333333333333333,1.0,1.0,1.5,1.0,1.0,True,"[2017-01-01,2018-08-01)","mature by horizon OR same common90 sample, explicitly separated",seller count; group n<10 not interpreted
each_horizon_mature,30,origin,Missing,items,3,1.3333333333333333,1.0,1.0,1.5,1.0,1.0,True,"[2017-01-01,2018-08-01)","mature by horizon OR same common90 sample, explicitly separated",seller count; group n<10 not interpreted
each_horizon_mature,30,origin,Missing,time_to_first_delivered_days,3,39.83829861111111,35.74766203703704,31.81554976851852,45.81572916666667,1.0,1.0,True,"[2017-01-01,2018-08-01)","mature by horizon OR same common90 sample, explicitly separated",seller count; group n<10 not interpreted
each_horizon_mature,60,origin,direct_traffic,merchandise_cents,16,63299.3125,50313.0,10772.5,78309.0,1.0,0.6875,False,"[2017-01-01,2018-08-01)","mature by horizon OR same common90 sample, explicitly separated",seller count; group n<10 not interpreted
each_horizon_mature,60,origin,direct_traffic,orders,16,4.4375,3.5,1.75,7.0,1.0,0.6875,False,"[2017-01-01,2018-08-01)","mature by horizon OR same common90 sample, explicitly separated",seller count; group n<10 not interpreted
each_horizon_mature,60,origin,direct_traffic,items,16,4.875,4.0,2.0,7.25,1.0,0.6875,False,"[2017-01-01,2018-08-01)","mature by horizon OR same common90 sample, explicitly separated",seller count; group n<10 not interpreted
each_horizon_mature,60,origin,direct_traffic,time_to_first_delivered_days,16,38.77703703703703,31.678391203703704,14.740723379629628,60.928203125,1.0,0.6875,False,"[2017-01-01,2018-08-01)","mature by horizon OR same common90 sample, explicitly separated",seller count; group n<10 not interpreted
each_horizon_mature,60,origin,display,merchandise_cents,1,40700.0,40700.0,40700.0,40700.0,1.0,1.0,True,"[2017-01-01,2018-08-01)","mature by horizon OR same common90 sample, explicitly separated",seller count; group n<10 not interpreted
each_horizon_mature,60,origin,display,orders,1,3.0,3.0,3.0,3.0,1.0,1.0,True,"[2017-01-01,2018-08-01)","mature by horizon OR same common90 sample, explicitly separated",seller count; group n<10 not interpreted
each_horizon_mature,60,origin,display,items,1,3.0,3.0,3.0,3.0,1.0,1.0,True,"[2017-01-01,2018-08-01)","mature by horizon OR same common90 sample, explicitly separated",seller count; group n<10 not interpreted
each_horizon_mature,60,origin,display,time_to_first_delivered_days,1,59.82408564814815,59.82408564814815,59.82408564814815,59.82408564814815,1.0,1.0,True,"[2017-01-01,2018-08-01)","mature by horizon OR same common90 sample, explicitly separated",seller count; group n<10 not interpreted
each_horizon_mature,60,origin,email,merchandise_cents,4,165132.5,52395.0,12285.0,205242.5,1.0,0.0,True,"[2017-01-01,2018-08-01)","mature by horizon OR same common90 sample, explicitly separated",seller count; group n<10 not interpreted
each_horizon_mature,60,origin,email,orders,4,3.0,2.5,1.0,4.5,1.0,0.0,True,"[2017-01-01,2018-08-01)","mature by horizon OR same common90 sample, explicitly separated",seller count; group n<10 not interpreted
each_horizon_mature,60,origin,email,items,4,3.5,2.5,1.0,5.0,1.0,0.0,True,"[2017-01-01,2018-08-01)","mature by horizon OR same common90 sample, explicitly separated",seller count; group n<10 not interpreted
each_horizon_mature,60,origin,email,time_to_first_delivered_days,4,49.54462673611111,49.26919560185185,30.75240162037037,68.0614207175926,1.0,0.0,True,"[2017-01-01,2018-08-01)","mature by horizon OR same common90 sample, explicitly separated",seller count; group n<10 not interpreted
each_horizon_mature,60,origin,organic_search,merchandise_cents,64,112375.421875,39480.0,17615.0,122200.0,1.0,0.625,False,"[2017-01-01,2018-08-01)","mature by horizon OR same common90 sample, explicitly separated",seller count; group n<10 not interpreted
each_horizon_mature,60,origin,organic_search,orders,64,6.359375,4.0,2.0,7.25,1.0,0.625,False,"[2017-01-01,2018-08-01)","mature by horizon OR same common90 sample, explicitly separated",seller count; group n<10 not interpreted
each_horizon_mature,60,origin,organic_search,items,64,7.1875,4.5,2.0,9.0,1.0,0.625,False,"[2017-01-01,2018-08-01)","mature by horizon OR same common90 sample, explicitly separated",seller count; group n<10 not interpreted
each_horizon_mature,60,origin,organic_search,time_to_first_delivered_days,64,39.66998336226852,28.144878472222224,16.261629050925926,57.46570891203704,1.0,0.625,False,"[2017-01-01,2018-08-01)","mature by horizon OR same common90 sample, explicitly separated",seller count; group n<10 not interpreted
each_horizon_mature,60,origin,other,merchandise_cents,2,211394.5,211394.5,153497.25,269291.75,1.0,0.5,True,"[2017-01-01,2018-08-01)","mature by horizon OR same common90 sample, explicitly separated",seller count; group n<10 not interpreted
each_horizon_mature,60,origin,other,orders,2,25.0,25.0,14.5,35.5,1.0,0.5,True,"[2017-01-01,2018-08-01)","mature by horizon OR same common90 sample, explicitly separated",seller count; group n<10 not interpreted
each_horizon_mature,60,origin,other,items,2,26.0,26.0,15.0,37.0,1.0,0.5,True,"[2017-01-01,2018-08-01)","mature by horizon OR same common90 sample, explicitly separated",seller count; group n<10 not interpreted
each_horizon_mature,60,origin,other,time_to_first_delivered_days,2,55.38440393518518,55.38440393518518,31.066872106481483,79.70193576388888,1.0,0.5,True,"[2017-01-01,2018-08-01)","mature by horizon OR same common90 sample, explicitly separated",seller count; group n<10 not interpreted
each_horizon_mature,60,origin,paid_search,merchandise_cents,51,118120.96078431372,56970.0,17950.0,129950.0,1.0,0.6862745098039216,False,"[2017-01-01,2018-08-01)","mature by horizon OR same common90 sample, explicitly separated",seller count; group n<10 not interpreted
each_horizon_mature,60,origin,paid_search,orders,51,10.666666666666666,4.0,2.0,10.5,1.0,0.6862745098039216,False,"[2017-01-01,2018-08-01)","mature by horizon OR same common90 sample, explicitly separated",seller count; group n<10 not interpreted
each_horizon_mature,60,origin,paid_search,items,51,12.07843137254902,4.0,2.0,12.0,1.0,0.6862745098039216,False,"[2017-01-01,2018-08-01)","mature by horizon OR same common90 sample, explicitly separated",seller count; group n<10 not interpreted
each_horizon_mature,60,origin,paid_search,time_to_first_delivered_days,51,36.25962214052287,31.068090277777777,16.243350694444445,51.59871527777778,1.0,0.6862745098039216,False,"[2017-01-01,2018-08-01)","mature by horizon OR same common90 sample, explicitly separated",seller count; group n<10 not interpreted
each_horizon_mature,60,origin,referral,merchandise_cents,5,69954.4,78943.0,19999.0,111470.0,1.0,0.8,True,"[2017-01-01,2018-08-01)","mature by horizon OR same common90 sample, explicitly separated",seller count; group n<10 not interpreted
each_horizon_mature,60,origin,referral,orders,5,4.0,2.0,2.0,6.0,1.0,0.8,True,"[2017-01-01,2018-08-01)","mature by horizon OR same common90 sample, explicitly separated",seller count; group n<10 not interpreted
each_horizon_mature,60,origin,referral,items,5,5.2,2.0,2.0,9.0,1.0,0.8,True,"[2017-01-01,2018-08-01)","mature by horizon OR same common90 sample, explicitly separated",seller count; group n<10 not interpreted
each_horizon_mature,60,origin,referral,time_to_first_delivered_days,5,23.299400462962957,15.866550925925926,6.547615740740741,28.944444444444443,1.0,0.8,True,"[2017-01-01,2018-08-01)","mature by horizon OR same common90 sample, explicitly separated",seller count; group n<10 not interpreted
each_horizon_mature,60,origin,social,merchandise_cents,12,73985.0,25369.0,12028.0,44229.25,1.0,0.6666666666666666,False,"[2017-01-01,2018-08-01)","mature by horizon OR same common90 sample, explicitly separated",seller count; group n<10 not interpreted
each_horizon_mature,60,origin,social,orders,12,6.916666666666667,2.5,2.0,9.25,1.0,0.6666666666666666,False,"[2017-01-01,2018-08-01)","mature by horizon OR same common90 sample, explicitly separated",seller count; group n<10 not interpreted
each_horizon_mature,60,origin,social,items,12,7.916666666666667,3.5,2.0,9.75,1.0,0.6666666666666666,False,"[2017-01-01,2018-08-01)","mature by horizon OR same common90 sample, explicitly separated",seller count; group n<10 not interpreted
each_horizon_mature,60,origin,social,time_to_first_delivered_days,12,36.75780960648148,33.315810185185185,23.871733217592592,46.42627604166667,1.0,0.6666666666666666,False,"[2017-01-01,2018-08-01)","mature by horizon OR same common90 sample, explicitly separated",seller count; group n<10 not interpreted
each_horizon_mature,60,origin,unknown,merchandise_cents,44,191676.86363636365,38390.0,17630.0,88735.5,1.0,0.6136363636363636,False,"[2017-01-01,2018-08-01)","mature by horizon OR same common90 sample, explicitly separated",seller count; group n<10 not interpreted
each_horizon_mature,60,origin,unknown,orders,44,8.818181818181818,4.0,2.0,9.0,1.0,0.6136363636363636,False,"[2017-01-01,2018-08-01)","mature by horizon OR same common90 sample, explicitly separated",seller count; group n<10 not interpreted
each_horizon_mature,60,origin,unknown,items,44,9.454545454545455,4.0,2.0,10.0,1.0,0.6136363636363636,False,"[2017-01-01,2018-08-01)","mature by horizon OR same common90 sample, explicitly separated",seller count; group n<10 not interpreted
each_horizon_mature,60,origin,unknown,time_to_first_delivered_days,44,33.46172138047138,27.08886574074074,15.099071180555555,42.01249421296296,1.0,0.6136363636363636,False,"[2017-01-01,2018-08-01)","mature by horizon OR same common90 sample, explicitly separated",seller count; group n<10 not interpreted
each_horizon_mature,60,origin,Missing,merchandise_cents,1,18980.0,18980.0,18980.0,18980.0,1.0,1.0,True,"[2017-01-01,2018-08-01)","mature by horizon OR same common90 sample, explicitly separated",seller count; group n<10 not interpreted
each_horizon_mature,60,origin,Missing,orders,1,2.0,2.0,2.0,2.0,1.0,1.0,True,"[2017-01-01,2018-08-01)","mature by horizon OR same common90 sample, explicitly separated",seller count; group n<10 not interpreted
each_horizon_mature,60,origin,Missing,items,1,2.0,2.0,2.0,2.0,1.0,1.0,True,"[2017-01-01,2018-08-01)","mature by horizon OR same common90 sample, explicitly separated",seller count; group n<10 not interpreted
each_horizon_mature,60,origin,Missing,time_to_first_delivered_days,1,35.74766203703704,35.74766203703704,35.74766203703704,35.74766203703704,1.0,1.0,True,"[2017-01-01,2018-08-01)","mature by horizon OR same common90 sample, explicitly separated",seller count; group n<10 not interpreted
each_horizon_mature,90,origin,direct_traffic,merchandise_cents,10,102462.0,72641.0,21152.25,104638.75,1.0,0.7,False,"[2017-01-01,2018-08-01)","mature by horizon OR same common90 sample, explicitly separated",seller count; group n<10 not interpreted
each_horizon_mature,90,origin,direct_traffic,orders,10,5.9,4.0,2.25,8.5,1.0,0.7,False,"[2017-01-01,2018-08-01)","mature by horizon OR same common90 sample, explicitly separated",seller count; group n<10 not interpreted
each_horizon_mature,90,origin,direct_traffic,items,10,6.3,4.5,3.0,9.25,1.0,0.7,False,"[2017-01-01,2018-08-01)","mature by horizon OR same common90 sample, explicitly separated",seller count; group n<10 not interpreted
each_horizon_mature,90,origin,direct_traffic,time_to_first_delivered_days,10,36.16351851851852,23.31589699074074,15.522531828703704,59.24918113425926,1.0,0.7,False,"[2017-01-01,2018-08-01)","mature by horizon OR same common90 sample, explicitly separated",seller count; group n<10 not interpreted
each_horizon_mature,90,origin,display,merchandise_cents,1,66700.0,66700.0,66700.0,66700.0,1.0,1.0,True,"[2017-01-01,2018-08-01)","mature by horizon OR same common90 sample, explicitly separated",seller count; group n<10 not interpreted
each_horizon_mature,90,origin,display,orders,1,5.0,5.0,5.0,5.0,1.0,1.0,True,"[2017-01-01,2018-08-01)","mature by horizon OR same common90 sample, explicitly separated",seller count; group n<10 not interpreted
each_horizon_mature,90,origin,display,items,1,5.0,5.0,5.0,5.0,1.0,1.0,True,"[2017-01-01,2018-08-01)","mature by horizon OR same common90 sample, explicitly separated",seller count; group n<10 not interpreted
each_horizon_mature,90,origin,display,time_to_first_delivered_days,1,59.82408564814815,59.82408564814815,59.82408564814815,59.82408564814815,1.0,1.0,True,"[2017-01-01,2018-08-01)","mature by horizon OR same common90 sample, explicitly separated",seller count; group n<10 not interpreted
each_horizon_mature,90,origin,email,merchandise_cents,2,9770.0,9770.0,7255.0,12285.0,1.0,0.0,True,"[2017-01-01,2018-08-01)","mature by horizon OR same common90 sample, explicitly separated",seller count; group n<10 not interpreted
each_horizon_mature,90,origin,email,orders,2,3.5,3.5,2.25,4.75,1.0,0.0,True,"[2017-01-01,2018-08-01)","mature by horizon OR same common90 sample, explicitly separated",seller count; group n<10 not interpreted
each_horizon_mature,90,origin,email,items,2,4.5,4.5,2.75,6.25,1.0,0.0,True,"[2017-01-01,2018-08-01)","mature by horizon OR same common90 sample, explicitly separated",seller count; group n<10 not interpreted
each_horizon_mature,90,origin,email,time_to_first_delivered_days,2,22.705300925925926,22.705300925925926,14.658200231481484,30.75240162037037,1.0,0.0,True,"[2017-01-01,2018-08-01)","mature by horizon OR same common90 sample, explicitly separated",seller count; group n<10 not interpreted
each_horizon_mature,90,origin,organic_search,merchandise_cents,33,233492.57575757575,89180.0,35109.0,193681.0,1.0,0.6363636363636364,False,"[2017-01-01,2018-08-01)","mature by horizon OR same common90 sample, explicitly separated",seller count; group n<10 not interpreted
each_horizon_mature,90,origin,organic_search,orders,33,12.121212121212121,7.0,3.0,18.0,1.0,0.6363636363636364,False,"[2017-01-01,2018-08-01)","mature by horizon OR same common90 sample, explicitly separated",seller count; group n<10 not interpreted
each_horizon_mature,90,origin,organic_search,items,33,13.575757575757576,9.0,4.0,23.0,1.0,0.6363636363636364,False,"[2017-01-01,2018-08-01)","mature by horizon OR same common90 sample, explicitly separated",seller count; group n<10 not interpreted
each_horizon_mature,90,origin,organic_search,time_to_first_delivered_days,33,34.32456264029181,23.733078703703704,15.817106481481481,45.275555555555556,1.0,0.6363636363636364,False,"[2017-01-01,2018-08-01)","mature by horizon OR same common90 sample, explicitly separated",seller count; group n<10 not interpreted
each_horizon_mature,90,origin,paid_search,merchandise_cents,38,178028.42105263157,63963.0,24557.5,194235.0,1.0,0.631578947368421,False,"[2017-01-01,2018-08-01)","mature by horizon OR same common90 sample, explicitly separated",seller count; group n<10 not interpreted
each_horizon_mature,90,origin,paid_search,orders,38,14.736842105263158,5.5,3.0,13.0,1.0,0.631578947368421,False,"[2017-01-01,2018-08-01)","mature by horizon OR same common90 sample, explicitly separated",seller count; group n<10 not interpreted
each_horizon_mature,90,origin,paid_search,items,38,17.31578947368421,6.0,3.0,13.0,1.0,0.631578947368421,False,"[2017-01-01,2018-08-01)","mature by horizon OR same common90 sample, explicitly separated",seller count; group n<10 not interpreted
each_horizon_mature,90,origin,paid_search,time_to_first_delivered_days,38,34.149002497563345,28.629681712962963,15.070164930555556,47.868428819444446,1.0,0.631578947368421,False,"[2017-01-01,2018-08-01)","mature by horizon OR same common90 sample, explicitly separated",seller count; group n<10 not interpreted
each_horizon_mature,90,origin,referral,merchandise_cents,2,102395.0,102395.0,58432.5,146357.5,1.0,1.0,True,"[2017-01-01,2018-08-01)","mature by horizon OR same common90 sample, explicitly separated",seller count; group n<10 not interpreted
each_horizon_mature,90,origin,referral,orders,2,3.0,3.0,3.0,3.0,1.0,1.0,True,"[2017-01-01,2018-08-01)","mature by horizon OR same common90 sample, explicitly separated",seller count; group n<10 not interpreted
each_horizon_mature,90,origin,referral,items,2,3.0,3.0,3.0,3.0,1.0,1.0,True,"[2017-01-01,2018-08-01)","mature by horizon OR same common90 sample, explicitly separated",seller count; group n<10 not interpreted
each_horizon_mature,90,origin,referral,time_to_first_delivered_days,2,32.56919560185185,32.56919560185185,18.36543113425926,46.772960069444444,1.0,1.0,True,"[2017-01-01,2018-08-01)","mature by horizon OR same common90 sample, explicitly separated",seller count; group n<10 not interpreted
each_horizon_mature,90,origin,social,merchandise_cents,9,108075.55555555556,39780.0,18832.0,62567.0,1.0,0.6666666666666666,True,"[2017-01-01,2018-08-01)","mature by horizon OR same common90 sample, explicitly separated",seller count; group n<10 not interpreted
each_horizon_mature,90,origin,social,orders,9,11.11111111111111,5.0,2.0,20.0,1.0,0.6666666666666666,True,"[2017-01-01,2018-08-01)","mature by horizon OR same common90 sample, explicitly separated",seller count; group n<10 not interpreted
each_horizon_mature,90,origin,social,items,9,12.666666666666666,5.0,3.0,20.0,1.0,0.6666666666666666,True,"[2017-01-01,2018-08-01)","mature by horizon OR same common90 sample, explicitly separated",seller count; group n<10 not interpreted
each_horizon_mature,90,origin,social,time_to_first_delivered_days,9,38.54006944444445,31.58329861111111,25.916504629629628,53.361180555555556,1.0,0.6666666666666666,True,"[2017-01-01,2018-08-01)","mature by horizon OR same common90 sample, explicitly separated",seller count; group n<10 not interpreted
each_horizon_mature,90,origin,unknown,merchandise_cents,29,438140.1034482759,72955.0,36480.0,206250.0,1.0,0.7586206896551724,False,"[2017-01-01,2018-08-01)","mature by horizon OR same common90 sample, explicitly separated",seller count; group n<10 not interpreted
each_horizon_mature,90,origin,unknown,orders,29,23.655172413793103,9.0,4.0,13.0,1.0,0.7586206896551724,False,"[2017-01-01,2018-08-01)","mature by horizon OR same common90 sample, explicitly separated",seller count; group n<10 not interpreted
each_horizon_mature,90,origin,unknown,items,29,25.517241379310345,10.0,4.0,16.0,1.0,0.7586206896551724,False,"[2017-01-01,2018-08-01)","mature by horizon OR same common90 sample, explicitly separated",seller count; group n<10 not interpreted
each_horizon_mature,90,origin,unknown,time_to_first_delivered_days,29,30.859597701149422,24.251712962962962,14.051168981481482,35.697546296296295,1.0,0.7586206896551724,False,"[2017-01-01,2018-08-01)","mature by horizon OR same common90 sample, explicitly separated",seller count; group n<10 not interpreted
each_horizon_mature,30,lead_type,industry,merchandise_cents,30,33049.63333333333,17980.0,6990.0,33406.75,1.0,1.0,False,"[2017-01-01,2018-08-01)","mature by horizon OR same common90 sample, explicitly separated",seller count; group n<10 not interpreted
each_horizon_mature,30,lead_type,industry,orders,30,2.3,1.5,1.0,3.0,1.0,1.0,False,"[2017-01-01,2018-08-01)","mature by horizon OR same common90 sample, explicitly separated",seller count; group n<10 not interpreted
each_horizon_mature,30,lead_type,industry,items,30,2.8666666666666667,2.0,1.0,3.75,1.0,1.0,False,"[2017-01-01,2018-08-01)","mature by horizon OR same common90 sample, explicitly separated",seller count; group n<10 not interpreted
each_horizon_mature,30,lead_type,industry,time_to_first_delivered_days,30,47.193099537037035,46.0670775462963,21.082181712962964,71.59767361111112,1.0,1.0,False,"[2017-01-01,2018-08-01)","mature by horizon OR same common90 sample, explicitly separated",seller count; group n<10 not interpreted
each_horizon_mature,30,lead_type,offline,merchandise_cents,18,29627.055555555555,17880.0,8110.0,41701.5,1.0,1.0,False,"[2017-01-01,2018-08-01)","mature by horizon OR same common90 sample, explicitly separated",seller count; group n<10 not interpreted
each_horizon_mature,30,lead_type,offline,orders,18,2.7222222222222223,2.0,1.0,3.75,1.0,1.0,False,"[2017-01-01,2018-08-01)","mature by horizon OR same common90 sample, explicitly separated",seller count; group n<10 not interpreted
each_horizon_mature,30,lead_type,offline,items,18,2.9444444444444446,2.5,1.0,3.75,1.0,1.0,False,"[2017-01-01,2018-08-01)","mature by horizon OR same common90 sample, explicitly separated",seller count; group n<10 not interpreted
each_horizon_mature,30,lead_type,offline,time_to_first_delivered_days,18,50.81930491255144,53.42482638888889,31.47341724537037,63.54958622685185,1.0,1.0,False,"[2017-01-01,2018-08-01)","mature by horizon OR same common90 sample, explicitly separated",seller count; group n<10 not interpreted
each_horizon_mature,30,lead_type,online_beginner,merchandise_cents,16,48764.0625,21397.5,9126.75,33821.0,1.0,1.0,False,"[2017-01-01,2018-08-01)","mature by horizon OR same common90 sample, explicitly separated",seller count; group n<10 not interpreted
each_horizon_mature,30,lead_type,online_beginner,orders,16,2.5625,1.5,1.0,3.0,1.0,1.0,False,"[2017-01-01,2018-08-01)","mature by horizon OR same common90 sample, explicitly separated",seller count; group n<10 not interpreted
each_horizon_mature,30,lead_type,online_beginner,items,16,3.0,2.0,1.0,3.0,1.0,1.0,False,"[2017-01-01,2018-08-01)","mature by horizon OR same common90 sample, explicitly separated",seller count; group n<10 not interpreted
each_horizon_mature,30,lead_type,online_beginner,time_to_first_delivered_days,16,42.196023582175926,32.79670138888889,18.133020833333333,57.81265625,1.0,1.0,False,"[2017-01-01,2018-08-01)","mature by horizon OR same common90 sample, explicitly separated",seller count; group n<10 not interpreted
each_horizon_mature,30,lead_type,online_big,merchandise_cents,60,123431.93333333333,52085.0,20981.0,111707.5,1.0,1.0,False,"[2017-01-01,2018-08-01)","mature by horizon OR same common90 sample, explicitly separated",seller count; group n<10 not interpreted
each_horizon_mature,30,lead_type,online_big,orders,60,6.966666666666667,4.0,2.0,7.0,1.0,1.0,False,"[2017-01-01,2018-08-01)","mature by horizon OR same common90 sample, explicitly separated",seller count; group n<10 not interpreted
each_horizon_mature,30,lead_type,online_big,items,60,7.783333333333333,4.0,2.0,9.0,1.0,1.0,False,"[2017-01-01,2018-08-01)","mature by horizon OR same common90 sample, explicitly separated",seller count; group n<10 not interpreted
each_horizon_mature,30,lead_type,online_big,time_to_first_delivered_days,60,36.010781442901234,23.656064814814815,14.63574074074074,59.94120370370371,1.0,1.0,False,"[2017-01-01,2018-08-01)","mature by horizon OR same common90 sample, explicitly separated",seller count; group n<10 not interpreted
each_horizon_mature,30,lead_type,online_medium,merchandise_cents,124,44970.32258064516,20264.5,9987.5,48452.5,1.0,1.0,False,"[2017-01-01,2018-08-01)","mature by horizon OR same common90 sample, explicitly separated",seller count; group n<10 not interpreted
each_horizon_mature,30,lead_type,online_medium,orders,124,3.6451612903225805,2.0,1.0,4.0,1.0,1.0,False,"[2017-01-01,2018-08-01)","mature by horizon OR same common90 sample, explicitly separated",seller count; group n<10 not interpreted
each_horizon_mature,30,lead_type,online_medium,items,124,4.096774193548387,2.5,1.0,4.0,1.0,1.0,False,"[2017-01-01,2018-08-01)","mature by horizon OR same common90 sample, explicitly separated",seller count; group n<10 not interpreted
each_horizon_mature,30,lead_type,online_medium,time_to_first_delivered_days,124,46.35724639710274,38.97028935185185,23.068932291666666,59.73010416666666,1.0,1.0,False,"[2017-01-01,2018-08-01)","mature by horizon OR same common90 sample, explicitly separated",seller count; group n<10 not interpreted
each_horizon_mature,30,lead_type,online_small,merchandise_cents,23,59107.82608695652,19999.0,12875.0,48648.0,1.0,1.0,False,"[2017-01-01,2018-08-01)","mature by horizon OR same common90 sample, explicitly separated",seller count; group n<10 not interpreted
each_horizon_mature,30,lead_type,online_small,orders,23,4.869565217391305,2.0,1.0,4.5,1.0,1.0,False,"[2017-01-01,2018-08-01)","mature by horizon OR same common90 sample, explicitly separated",seller count; group n<10 not interpreted
each_horizon_mature,30,lead_type,online_small,items,23,5.565217391304348,2.0,1.0,5.5,1.0,1.0,False,"[2017-01-01,2018-08-01)","mature by horizon OR same common90 sample, explicitly separated",seller count; group n<10 not interpreted
each_horizon_mature,30,lead_type,online_small,time_to_first_delivered_days,23,41.04792874396135,34.19184027777778,19.69467013888889,54.03984375,1.0,1.0,False,"[2017-01-01,2018-08-01)","mature by horizon OR same common90 sample, explicitly separated",seller count; group n<10 not interpreted
each_horizon_mature,30,lead_type,online_top,merchandise_cents,6,35219.666666666664,27279.5,18437.75,41144.75,1.0,1.0,True,"[2017-01-01,2018-08-01)","mature by horizon OR same common90 sample, explicitly separated",seller count; group n<10 not interpreted
each_horizon_mature,30,lead_type,online_top,orders,6,4.166666666666667,3.5,1.5,4.0,1.0,1.0,True,"[2017-01-01,2018-08-01)","mature by horizon OR same common90 sample, explicitly separated",seller count; group n<10 not interpreted
each_horizon_mature,30,lead_type,online_top,items,6,4.166666666666667,3.5,1.5,4.0,1.0,1.0,True,"[2017-01-01,2018-08-01)","mature by horizon OR same common90 sample, explicitly separated",seller count; group n<10 not interpreted
each_horizon_mature,30,lead_type,online_top,time_to_first_delivered_days,6,26.93231288580247,28.02917824074074,12.574456018518518,40.496435185185184,1.0,1.0,True,"[2017-01-01,2018-08-01)","mature by horizon OR same common90 sample, explicitly separated",seller count; group n<10 not interpreted
each_horizon_mature,30,lead_type,Missing,merchandise_cents,3,305650.0,47400.0,25275.0,456900.0,1.0,1.0,True,"[2017-01-01,2018-08-01)","mature by horizon OR same common90 sample, explicitly separated",seller count; group n<10 not interpreted
each_horizon_mature,30,lead_type,Missing,orders,3,3.6666666666666665,3.0,2.0,5.0,1.0,1.0,True,"[2017-01-01,2018-08-01)","mature by horizon OR same common90 sample, explicitly separated",seller count; group n<10 not interpreted
each_horizon_mature,30,lead_type,Missing,items,3,3.6666666666666665,3.0,2.0,5.0,1.0,1.0,True,"[2017-01-01,2018-08-01)","mature by horizon OR same common90 sample, explicitly separated",seller count; group n<10 not interpreted
each_horizon_mature,30,lead_type,Missing,time_to_first_delivered_days,3,45.25024691358025,43.877939814814816,29.84752314814815,59.96681712962963,1.0,1.0,True,"[2017-01-01,2018-08-01)","mature by horizon OR same common90 sample, explicitly separated",seller count; group n<10 not interpreted
each_horizon_mature,60,lead_type,industry,merchandise_cents,23,46938.86956521739,26200.0,10415.0,41825.0,1.0,0.5652173913043478,False,"[2017-01-01,2018-08-01)","mature by horizon OR same common90 sample, explicitly separated",seller count; group n<10 not interpreted
each_horizon_mature,60,lead_type,industry,orders,23,3.1739130434782608,2.0,1.5,4.0,1.0,0.5652173913043478,False,"[2017-01-01,2018-08-01)","mature by horizon OR same common90 sample, explicitly separated",seller count; group n<10 not interpreted
each_horizon_mature,60,lead_type,industry,items,23,3.9565217391304346,3.0,2.0,4.5,1.0,0.5652173913043478,False,"[2017-01-01,2018-08-01)","mature by horizon OR same common90 sample, explicitly separated",seller count; group n<10 not interpreted
each_horizon_mature,60,lead_type,industry,time_to_first_delivered_days,23,45.52124547101449,45.275555555555556,15.082957175925927,72.15381944444445,1.0,0.5652173913043478,False,"[2017-01-01,2018-08-01)","mature by horizon OR same common90 sample, explicitly separated",seller count; group n<10 not interpreted
each_horizon_mature,60,lead_type,offline,merchandise_cents,13,45759.230769230766,18980.0,14850.0,61970.0,1.0,0.8461538461538461,False,"[2017-01-01,2018-08-01)","mature by horizon OR same common90 sample, explicitly separated",seller count; group n<10 not interpreted
each_horizon_mature,60,lead_type,offline,orders,13,3.6153846153846154,3.0,2.0,4.0,1.0,0.8461538461538461,False,"[2017-01-01,2018-08-01)","mature by horizon OR same common90 sample, explicitly separated",seller count; group n<10 not interpreted
each_horizon_mature,60,lead_type,offline,items,13,3.769230769230769,3.0,2.0,4.0,1.0,0.8461538461538461,False,"[2017-01-01,2018-08-01)","mature by horizon OR same common90 sample, explicitly separated",seller count; group n<10 not interpreted
each_horizon_mature,60,lead_type,offline,time_to_first_delivered_days,13,44.445462072649576,50.649791666666665,24.251712962962962,60.976724537037036,1.0,0.8461538461538461,False,"[2017-01-01,2018-08-01)","mature by horizon OR same common90 sample, explicitly separated",seller count; group n<10 not interpreted
each_horizon_mature,60,lead_type,online_beginner,merchandise_cents,12,89467.91666666667,61153.5,20146.5,147881.5,1.0,0.5833333333333334,False,"[2017-01-01,2018-08-01)","mature by horizon OR same common90 sample, explicitly separated",seller count; group n<10 not interpreted
each_horizon_mature,60,lead_type,online_beginner,orders,12,4.916666666666667,3.5,1.0,8.0,1.0,0.5833333333333334,False,"[2017-01-01,2018-08-01)","mature by horizon OR same common90 sample, explicitly separated",seller count; group n<10 not interpreted
each_horizon_mature,60,lead_type,online_beginner,items,12,6.0,4.5,1.0,8.75,1.0,0.5833333333333334,False,"[2017-01-01,2018-08-01)","mature by horizon OR same common90 sample, explicitly separated",seller count; group n<10 not interpreted
each_horizon_mature,60,lead_type,online_beginner,time_to_first_delivered_days,12,35.669128086419754,32.79670138888889,18.133020833333333,45.26468460648148,1.0,0.5833333333333334,False,"[2017-01-01,2018-08-01)","mature by horizon OR same common90 sample, explicitly separated",seller count; group n<10 not interpreted
each_horizon_mature,60,lead_type,online_big,merchandise_cents,44,238731.61363636365,88718.5,40165.25,176857.5,1.0,0.8181818181818182,False,"[2017-01-01,2018-08-01)","mature by horizon OR same common90 sample, explicitly separated",seller count; group n<10 not interpreted
each_horizon_mature,60,lead_type,online_big,orders,44,13.340909090909092,6.0,3.0,11.25,1.0,0.8181818181818182,False,"[2017-01-01,2018-08-01)","mature by horizon OR same common90 sample, explicitly separated",seller count; group n<10 not interpreted
each_horizon_mature,60,lead_type,online_big,items,44,14.545454545454545,7.0,3.0,13.25,1.0,0.8181818181818182,False,"[2017-01-01,2018-08-01)","mature by horizon OR same common90 sample, explicitly separated",seller count; group n<10 not interpreted
each_horizon_mature,60,lead_type,online_big,time_to_first_delivered_days,44,29.35540035774411,19.797222222222224,9.557907986111111,33.79064525462963,1.0,0.8181818181818182,False,"[2017-01-01,2018-08-01)","mature by horizon OR same common90 sample, explicitly separated",seller count; group n<10 not interpreted
each_horizon_mature,60,lead_type,online_medium,merchandise_cents,82,84335.20731707317,32530.0,15772.25,93735.5,1.0,0.5609756097560976,False,"[2017-01-01,2018-08-01)","mature by horizon OR same common90 sample, explicitly separated",seller count; group n<10 not interpreted
each_horizon_mature,60,lead_type,online_medium,orders,82,7.036585365853658,3.0,2.0,7.75,1.0,0.5609756097560976,False,"[2017-01-01,2018-08-01)","mature by horizon OR same common90 sample, explicitly separated",seller count; group n<10 not interpreted
each_horizon_mature,60,lead_type,online_medium,items,82,7.951219512195122,4.0,2.0,9.0,1.0,0.5609756097560976,False,"[2017-01-01,2018-08-01)","mature by horizon OR same common90 sample, explicitly separated",seller count; group n<10 not interpreted
each_horizon_mature,60,lead_type,online_medium,time_to_first_delivered_days,82,39.270580397470646,31.013628472222223,18.87436921296296,52.911394675925926,1.0,0.5609756097560976,False,"[2017-01-01,2018-08-01)","mature by horizon OR same common90 sample, explicitly separated",seller count; group n<10 not interpreted
each_horizon_mature,60,lead_type,online_small,merchandise_cents,20,112039.1,39390.0,17918.75,79221.5,1.0,0.5,False,"[2017-01-01,2018-08-01)","mature by horizon OR same common90 sample, explicitly separated",seller count; group n<10 not interpreted
each_horizon_mature,60,lead_type,online_small,orders,20,9.45,3.5,1.0,9.0,1.0,0.5,False,"[2017-01-01,2018-08-01)","mature by horizon OR same common90 sample, explicitly separated",seller count; group n<10 not interpreted
each_horizon_mature,60,lead_type,online_small,items,20,10.5,5.5,1.0,9.25,1.0,0.5,False,"[2017-01-01,2018-08-01)","mature by horizon OR same common90 sample, explicitly separated",seller count; group n<10 not interpreted
each_horizon_mature,60,lead_type,online_small,time_to_first_delivered_days,20,34.05458217592593,31.544143518518517,16.68973958333333,47.23047743055556,1.0,0.5,False,"[2017-01-01,2018-08-01)","mature by horizon OR same common90 sample, explicitly separated",seller count; group n<10 not interpreted
each_horizon_mature,60,lead_type,online_top,merchandise_cents,4,50584.75,49618.5,19537.75,80665.5,1.0,0.75,True,"[2017-01-01,2018-08-01)","mature by horizon OR same common90 sample, explicitly separated",seller count; group n<10 not interpreted
each_horizon_mature,60,lead_type,online_top,orders,4,6.0,5.0,3.25,7.75,1.0,0.75,True,"[2017-01-01,2018-08-01)","mature by horizon OR same common90 sample, explicitly separated",seller count; group n<10 not interpreted
each_horizon_mature,60,lead_type,online_top,items,4,6.0,5.0,3.25,7.75,1.0,0.75,True,"[2017-01-01,2018-08-01)","mature by horizon OR same common90 sample, explicitly separated",seller count; group n<10 not interpreted
each_horizon_mature,60,lead_type,online_top,time_to_first_delivered_days,4,26.344733796296296,28.02917824074074,18.642407407407404,35.731504629629626,1.0,0.75,True,"[2017-01-01,2018-08-01)","mature by horizon OR same common90 sample, explicitly separated",seller count; group n<10 not interpreted
each_horizon_mature,60,lead_type,Missing,merchandise_cents,2,1216240.0,1216240.0,634815.0,1797665.0,1.0,1.0,True,"[2017-01-01,2018-08-01)","mature by horizon OR same common90 sample, explicitly separated",seller count; group n<10 not interpreted
each_horizon_mature,60,lead_type,Missing,orders,2,12.0,12.0,8.0,16.0,1.0,1.0,True,"[2017-01-01,2018-08-01)","mature by horizon OR same common90 sample, explicitly separated",seller count; group n<10 not interpreted
each_horizon_mature,60,lead_type,Missing,items,2,12.0,12.0,8.0,16.0,1.0,1.0,True,"[2017-01-01,2018-08-01)","mature by horizon OR same common90 sample, explicitly separated",seller count; group n<10 not interpreted
each_horizon_mature,60,lead_type,Missing,time_to_first_delivered_days,2,45.936400462962965,45.936400462962965,30.87675347222222,60.9960474537037,1.0,1.0,True,"[2017-01-01,2018-08-01)","mature by horizon OR same common90 sample, explicitly separated",seller count; group n<10 not interpreted
each_horizon_mature,90,lead_type,industry,merchandise_cents,16,55187.4375,22335.0,13870.0,63859.75,1.0,0.5,False,"[2017-01-01,2018-08-01)","mature by horizon OR same common90 sample, explicitly separated",seller count; group n<10 not interpreted
each_horizon_mature,90,lead_type,industry,orders,16,4.1875,2.5,1.0,6.0,1.0,0.5,False,"[2017-01-01,2018-08-01)","mature by horizon OR same common90 sample, explicitly separated",seller count; group n<10 not interpreted
each_horizon_mature,90,lead_type,industry,items,16,5.5,4.0,1.75,6.5,1.0,0.5,False,"[2017-01-01,2018-08-01)","mature by horizon OR same common90 sample, explicitly separated",seller count; group n<10 not interpreted
each_horizon_mature,90,lead_type,industry,time_to_first_delivered_days,16,48.132595486111114,46.65662037037037,14.50253761574074,73.90001157407407,1.0,0.5,False,"[2017-01-01,2018-08-01)","mature by horizon OR same common90 sample, explicitly separated",seller count; group n<10 not interpreted
each_horizon_mature,90,lead_type,offline,merchandise_cents,5,65030.0,36480.0,14470.0,61970.0,1.0,0.6,True,"[2017-01-01,2018-08-01)","mature by horizon OR same common90 sample, explicitly separated",seller count; group n<10 not interpreted
each_horizon_mature,90,lead_type,offline,orders,5,6.2,5.0,3.0,7.0,1.0,0.6,True,"[2017-01-01,2018-08-01)","mature by horizon OR same common90 sample, explicitly separated",seller count; group n<10 not interpreted
each_horizon_mature,90,lead_type,offline,items,5,6.2,5.0,3.0,7.0,1.0,0.6,True,"[2017-01-01,2018-08-01)","mature by horizon OR same common90 sample, explicitly separated",seller count; group n<10 not interpreted
each_horizon_mature,90,lead_type,offline,time_to_first_delivered_days,5,56.81768518518519,63.71925925925926,60.976724537037036,65.97697916666667,1.0,0.6,True,"[2017-01-01,2018-08-01)","mature by horizon OR same common90 sample, explicitly separated",seller count; group n<10 not interpreted
each_horizon_mature,90,lead_type,online_beginner,merchandise_cents,7,124461.71428571429,109540.0,48838.0,191563.0,1.0,0.42857142857142855,True,"[2017-01-01,2018-08-01)","mature by horizon OR same common90 sample, explicitly separated",seller count; group n<10 not interpreted
each_horizon_mature,90,lead_type,online_beginner,orders,7,6.285714285714286,5.0,2.0,8.5,1.0,0.42857142857142855,True,"[2017-01-01,2018-08-01)","mature by horizon OR same common90 sample, explicitly separated",seller count; group n<10 not interpreted
each_horizon_mature,90,lead_type,online_beginner,items,7,7.714285714285714,8.0,3.0,11.0,1.0,0.42857142857142855,True,"[2017-01-01,2018-08-01)","mature by horizon OR same common90 sample, explicitly separated",seller count; group n<10 not interpreted
each_horizon_mature,90,lead_type,online_beginner,time_to_first_delivered_days,7,35.87875165343915,31.58329861111111,16.873171296296295,48.26438078703704,1.0,0.42857142857142855,True,"[2017-01-01,2018-08-01)","mature by horizon OR same common90 sample, explicitly separated",seller count; group n<10 not interpreted
each_horizon_mature,90,lead_type,online_big,merchandise_cents,26,546974.3461538461,192000.5,89839.75,368752.5,1.0,0.8461538461538461,False,"[2017-01-01,2018-08-01)","mature by horizon OR same common90 sample, explicitly separated",seller count; group n<10 not interpreted
each_horizon_mature,90,lead_type,online_big,orders,26,30.96153846153846,12.0,5.0,17.5,1.0,0.8461538461538461,False,"[2017-01-01,2018-08-01)","mature by horizon OR same common90 sample, explicitly separated",seller count; group n<10 not interpreted
each_horizon_mature,90,lead_type,online_big,items,26,33.07692307692308,12.0,5.0,21.75,1.0,0.8461538461538461,False,"[2017-01-01,2018-08-01)","mature by horizon OR same common90 sample, explicitly separated",seller count; group n<10 not interpreted
each_horizon_mature,90,lead_type,online_big,time_to_first_delivered_days,26,26.485726050569802,17.938310185185188,9.046548032407408,28.54763310185185,1.0,0.8461538461538461,False,"[2017-01-01,2018-08-01)","mature by horizon OR same common90 sample, explicitly separated",seller count; group n<10 not interpreted
each_horizon_mature,90,lead_type,online_medium,merchandise_cents,54,139928.61111111112,65945.0,24296.25,142398.75,1.0,0.7037037037037037,False,"[2017-01-01,2018-08-01)","mature by horizon OR same common90 sample, explicitly separated",seller count; group n<10 not interpreted
each_horizon_mature,90,lead_type,online_medium,orders,54,12.722222222222221,7.0,3.0,13.0,1.0,0.7037037037037037,False,"[2017-01-01,2018-08-01)","mature by horizon OR same common90 sample, explicitly separated",seller count; group n<10 not interpreted
each_horizon_mature,90,lead_type,online_medium,items,54,14.722222222222221,7.5,4.0,14.0,1.0,0.7037037037037037,False,"[2017-01-01,2018-08-01)","mature by horizon OR same common90 sample, explicitly separated",seller count; group n<10 not interpreted
each_horizon_mature,90,lead_type,online_medium,time_to_first_delivered_days,54,30.620061085390947,25.905636574074073,17.889722222222222,38.783368055555556,1.0,0.7037037037037037,False,"[2017-01-01,2018-08-01)","mature by horizon OR same common90 sample, explicitly separated",seller count; group n<10 not interpreted
each_horizon_mature,90,lead_type,online_small,merchandise_cents,12,130665.33333333333,51153.0,24739.75,122573.5,1.0,0.5,False,"[2017-01-01,2018-08-01)","mature by horizon OR same common90 sample, explicitly separated",seller count; group n<10 not interpreted
each_horizon_mature,90,lead_type,online_small,orders,12,11.583333333333334,4.5,1.75,15.0,1.0,0.5,False,"[2017-01-01,2018-08-01)","mature by horizon OR same common90 sample, explicitly separated",seller count; group n<10 not interpreted
each_horizon_mature,90,lead_type,online_small,items,12,13.666666666666666,6.5,2.5,15.75,1.0,0.5,False,"[2017-01-01,2018-08-01)","mature by horizon OR same common90 sample, explicitly separated",seller count; group n<10 not interpreted
each_horizon_mature,90,lead_type,online_small,time_to_first_delivered_days,12,32.3829793595679,31.331956018518518,13.824163773148147,46.42627604166667,1.0,0.5,False,"[2017-01-01,2018-08-01)","mature by horizon OR same common90 sample, explicitly separated",seller count; group n<10 not interpreted
each_horizon_mature,90,lead_type,online_top,merchandise_cents,2,43472.5,43472.5,28731.25,58213.75,1.0,0.5,True,"[2017-01-01,2018-08-01)","mature by horizon OR same common90 sample, explicitly separated",seller count; group n<10 not interpreted
each_horizon_mature,90,lead_type,online_top,orders,2,6.0,6.0,3.5,8.5,1.0,0.5,True,"[2017-01-01,2018-08-01)","mature by horizon OR same common90 sample, explicitly separated",seller count; group n<10 not interpreted
each_horizon_mature,90,lead_type,online_top,items,2,6.5,6.5,3.75,9.25,1.0,0.5,True,"[2017-01-01,2018-08-01)","mature by horizon OR same common90 sample, explicitly separated",seller count; group n<10 not interpreted
each_horizon_mature,90,lead_type,online_top,time_to_first_delivered_days,2,38.11396990740741,38.11396990740741,35.731504629629626,40.496435185185184,1.0,0.5,True,"[2017-01-01,2018-08-01)","mature by horizon OR same common90 sample, explicitly separated",seller count; group n<10 not interpreted
each_horizon_mature,90,lead_type,Missing,merchandise_cents,2,1976470.0,1976470.0,1022830.0,2930110.0,1.0,1.0,True,"[2017-01-01,2018-08-01)","mature by horizon OR same common90 sample, explicitly separated",seller count; group n<10 not interpreted
each_horizon_mature,90,lead_type,Missing,orders,2,19.0,19.0,12.0,26.0,1.0,1.0,True,"[2017-01-01,2018-08-01)","mature by horizon OR same common90 sample, explicitly separated",seller count; group n<10 not interpreted
each_horizon_mature,90,lead_type,Missing,items,2,19.0,19.0,12.0,26.0,1.0,1.0,True,"[2017-01-01,2018-08-01)","mature by horizon OR same common90 sample, explicitly separated",seller count; group n<10 not interpreted
each_horizon_mature,90,lead_type,Missing,time_to_first_delivered_days,2,45.936400462962965,45.936400462962965,30.87675347222222,60.9960474537037,1.0,1.0,True,"[2017-01-01,2018-08-01)","mature by horizon OR same common90 sample, explicitly separated",seller count; group n<10 not interpreted
each_horizon_mature,30,business_segment,air_conditioning,merchandise_cents,1,56000.0,56000.0,56000.0,56000.0,1.0,1.0,True,"[2017-01-01,2018-08-01)","mature by horizon OR same common90 sample, explicitly separated",seller count; group n<10 not interpreted
each_horizon_mature,30,business_segment,air_conditioning,orders,1,3.0,3.0,3.0,3.0,1.0,1.0,True,"[2017-01-01,2018-08-01)","mature by horizon OR same common90 sample, explicitly separated",seller count; group n<10 not interpreted
each_horizon_mature,30,business_segment,air_conditioning,items,1,3.0,3.0,3.0,3.0,1.0,1.0,True,"[2017-01-01,2018-08-01)","mature by horizon OR same common90 sample, explicitly separated",seller count; group n<10 not interpreted
each_horizon_mature,30,business_segment,air_conditioning,time_to_first_delivered_days,1,118.67494212962963,118.67494212962963,118.67494212962963,118.67494212962963,1.0,1.0,True,"[2017-01-01,2018-08-01)","mature by horizon OR same common90 sample, explicitly separated",seller count; group n<10 not interpreted
each_horizon_mature,30,business_segment,audio_video_electronics,merchandise_cents,20,103470.8,32930.0,19032.5,92475.0,1.0,1.0,False,"[2017-01-01,2018-08-01)","mature by horizon OR same common90 sample, explicitly separated",seller count; group n<10 not interpreted
each_horizon_mature,30,business_segment,audio_video_electronics,orders,20,3.9,2.0,1.0,5.5,1.0,1.0,False,"[2017-01-01,2018-08-01)","mature by horizon OR same common90 sample, explicitly separated",seller count; group n<10 not interpreted
each_horizon_mature,30,business_segment,audio_video_electronics,items,20,4.25,2.0,1.0,7.0,1.0,1.0,False,"[2017-01-01,2018-08-01)","mature by horizon OR same common90 sample, explicitly separated",seller count; group n<10 not interpreted
each_horizon_mature,30,business_segment,audio_video_electronics,time_to_first_delivered_days,20,38.531650462962965,28.28082175925926,23.730894097222222,53.428952546296294,1.0,1.0,False,"[2017-01-01,2018-08-01)","mature by horizon OR same common90 sample, explicitly separated",seller count; group n<10 not interpreted
each_horizon_mature,30,business_segment,baby,merchandise_cents,4,156367.0,24985.0,16474.5,164877.5,1.0,1.0,True,"[2017-01-01,2018-08-01)","mature by horizon OR same common90 sample, explicitly separated",seller count; group n<10 not interpreted
each_horizon_mature,30,business_segment,baby,orders,4,2.5,2.0,1.0,3.5,1.0,1.0,True,"[2017-01-01,2018-08-01)","mature by horizon OR same common90 sample, explicitly separated",seller count; group n<10 not interpreted
each_horizon_mature,30,business_segment,baby,items,4,2.5,2.0,1.0,3.5,1.0,1.0,True,"[2017-01-01,2018-08-01)","mature by horizon OR same common90 sample, explicitly separated",seller count; group n<10 not interpreted
each_horizon_mature,30,business_segment,baby,time_to_first_delivered_days,4,36.239262152777776,41.520190972222224,30.876302083333336,46.883151041666665,1.0,1.0,True,"[2017-01-01,2018-08-01)","mature by horizon OR same common90 sample, explicitly separated",seller count; group n<10 not interpreted
each_horizon_mature,30,business_segment,bags_backpacks,merchandise_cents,11,28914.636363636364,20970.0,9839.0,31498.5,1.0,1.0,False,"[2017-01-01,2018-08-01)","mature by horizon OR same common90 sample, explicitly separated",seller count; group n<10 not interpreted
each_horizon_mature,30,business_segment,bags_backpacks,orders,11,3.272727272727273,3.0,1.0,3.0,1.0,1.0,False,"[2017-01-01,2018-08-01)","mature by horizon OR same common90 sample, explicitly separated",seller count; group n<10 not interpreted
each_horizon_mature,30,business_segment,bags_backpacks,items,11,3.3636363636363638,3.0,1.0,3.0,1.0,1.0,False,"[2017-01-01,2018-08-01)","mature by horizon OR same common90 sample, explicitly separated",seller count; group n<10 not interpreted
each_horizon_mature,30,business_segment,bags_backpacks,time_to_first_delivered_days,11,37.842622053872056,28.520069444444445,20.91992476851852,45.30654513888889,1.0,1.0,False,"[2017-01-01,2018-08-01)","mature by horizon OR same common90 sample, explicitly separated",seller count; group n<10 not interpreted
each_horizon_mature,30,business_segment,bed_bath_table,merchandise_cents,9,45930.88888888889,21770.0,17250.0,50930.0,1.0,1.0,True,"[2017-01-01,2018-08-01)","mature by horizon OR same common90 sample, explicitly separated",seller count; group n<10 not interpreted
each_horizon_mature,30,business_segment,bed_bath_table,orders,9,3.888888888888889,2.0,2.0,4.0,1.0,1.0,True,"[2017-01-01,2018-08-01)","mature by horizon OR same common90 sample, explicitly separated",seller count; group n<10 not interpreted
each_horizon_mature,30,business_segment,bed_bath_table,items,9,4.888888888888889,3.0,2.0,4.0,1.0,1.0,True,"[2017-01-01,2018-08-01)","mature by horizon OR same common90 sample, explicitly separated",seller count; group n<10 not interpreted
each_horizon_mature,30,business_segment,bed_bath_table,time_to_first_delivered_days,9,30.425165895061728,22.79715277777778,17.686666666666667,39.06556712962963,1.0,1.0,True,"[2017-01-01,2018-08-01)","mature by horizon OR same common90 sample, explicitly separated",seller count; group n<10 not interpreted
each_horizon_mature,30,business_segment,books,merchandise_cents,4,83718.5,9330.0,3940.0,89108.5,1.0,1.0,True,"[2017-01-01,2018-08-01)","mature by horizon OR same common90 sample, explicitly separated",seller count; group n<10 not interpreted
each_horizon_mature,30,business_segment,books,orders,4,12.5,1.5,1.0,13.0,1.0,1.0,True,"[2017-01-01,2018-08-01)","mature by horizon OR same common90 sample, explicitly separated",seller count; group n<10 not interpreted
each_horizon_mature,30,business_segment,books,items,4,13.0,2.0,1.0,14.0,1.0,1.0,True,"[2017-01-01,2018-08-01)","mature by horizon OR same common90 sample, explicitly separated",seller count; group n<10 not interpreted
each_horizon_mature,30,business_segment,books,time_to_first_delivered_days,4,30.149539930555555,27.29939236111111,7.117118055555556,50.331814236111114,1.0,1.0,True,"[2017-01-01,2018-08-01)","mature by horizon OR same common90 sample, explicitly separated",seller count; group n<10 not interpreted
each_horizon_mature,30,business_segment,car_accessories,merchandise_cents,20,46800.75,17504.5,7701.75,69621.75,1.0,1.0,False,"[2017-01-01,2018-08-01)","mature by horizon OR same common90 sample, explicitly separated",seller count; group n<10 not interpreted
each_horizon_mature,30,business_segment,car_accessories,orders,20,2.85,2.0,1.0,4.0,1.0,1.0,False,"[2017-01-01,2018-08-01)","mature by horizon OR same common90 sample, explicitly separated",seller count; group n<10 not interpreted
each_horizon_mature,30,business_segment,car_accessories,items,20,3.15,2.0,1.0,4.0,1.0,1.0,False,"[2017-01-01,2018-08-01)","mature by horizon OR same common90 sample, explicitly separated",seller count; group n<10 not interpreted
each_horizon_mature,30,business_segment,car_accessories,time_to_first_delivered_days,20,57.948248842592605,61.25581018518518,25.531984953703706,83.43558449074075,1.0,1.0,False,"[2017-01-01,2018-08-01)","mature by horizon OR same common90 sample, explicitly separated",seller count; group n<10 not interpreted
each_horizon_mature,30,business_segment,computers,merchandise_cents,10,22949.0,14364.5,7696.5,41247.25,1.0,1.0,False,"[2017-01-01,2018-08-01)","mature by horizon OR same common90 sample, explicitly separated",seller count; group n<10 not interpreted
each_horizon_mature,30,business_segment,computers,orders,10,2.6,1.5,1.0,3.75,1.0,1.0,False,"[2017-01-01,2018-08-01)","mature by horizon OR same common90 sample, explicitly separated",seller count; group n<10 not interpreted
each_horizon_mature,30,business_segment,computers,items,10,3.3,1.5,1.0,4.5,1.0,1.0,False,"[2017-01-01,2018-08-01)","mature by horizon OR same common90 sample, explicitly separated",seller count; group n<10 not interpreted
each_horizon_mature,30,business_segment,computers,time_to_first_delivered_days,10,34.40521412037037,33.57037615740741,15.254968171296296,42.71888888888889,1.0,1.0,False,"[2017-01-01,2018-08-01)","mature by horizon OR same common90 sample, explicitly separated",seller count; group n<10 not interpreted
each_horizon_mature,30,business_segment,construction_tools_house_garden,merchandise_cents,22,47171.5,24955.0,17607.5,41840.25,1.0,1.0,False,"[2017-01-01,2018-08-01)","mature by horizon OR same common90 sample, explicitly separated",seller count; group n<10 not interpreted
each_horizon_mature,30,business_segment,construction_tools_house_garden,orders,22,3.6818181818181817,3.0,1.0,3.75,1.0,1.0,False,"[2017-01-01,2018-08-01)","mature by horizon OR same common90 sample, explicitly separated",seller count; group n<10 not interpreted
each_horizon_mature,30,business_segment,construction_tools_house_garden,items,22,4.363636363636363,3.0,1.0,4.0,1.0,1.0,False,"[2017-01-01,2018-08-01)","mature by horizon OR same common90 sample, explicitly separated",seller count; group n<10 not interpreted
each_horizon_mature,30,business_segment,construction_tools_house_garden,time_to_first_delivered_days,22,38.859019360269365,31.831122685185186,13.964768518518518,58.86347800925926,1.0,1.0,False,"[2017-01-01,2018-08-01)","mature by horizon OR same common90 sample, explicitly separated",seller count; group n<10 not interpreted
each_horizon_mature,30,business_segment,fashion_accessories,merchandise_cents,4,20867.5,12890.0,9232.5,24525.0,1.0,1.0,True,"[2017-01-01,2018-08-01)","mature by horizon OR same common90 sample, explicitly separated",seller count; group n<10 not interpreted
each_horizon_mature,30,business_segment,fashion_accessories,orders,4,1.75,1.5,1.0,2.25,1.0,1.0,True,"[2017-01-01,2018-08-01)","mature by horizon OR same common90 sample, explicitly separated",seller count; group n<10 not interpreted
each_horizon_mature,30,business_segment,fashion_accessories,items,4,2.0,2.0,1.75,2.25,1.0,1.0,True,"[2017-01-01,2018-08-01)","mature by horizon OR same common90 sample, explicitly separated",seller count; group n<10 not interpreted
each_horizon_mature,30,business_segment,fashion_accessories,time_to_first_delivered_days,4,73.27892939814815,76.88433449074074,55.89146412037037,94.27179976851852,1.0,1.0,True,"[2017-01-01,2018-08-01)","mature by horizon OR same common90 sample, explicitly separated",seller count; group n<10 not interpreted
each_horizon_mature,30,business_segment,food_drink,merchandise_cents,5,24164.0,13500.0,5580.0,39780.0,1.0,1.0,True,"[2017-01-01,2018-08-01)","mature by horizon OR same common90 sample, explicitly separated",seller count; group n<10 not interpreted
each_horizon_mature,30,business_segment,food_drink,orders,5,2.2,2.0,2.0,2.0,1.0,1.0,True,"[2017-01-01,2018-08-01)","mature by horizon OR same common90 sample, explicitly separated",seller count; group n<10 not interpreted
each_horizon_mature,30,business_segment,food_drink,items,5,3.2,2.0,2.0,4.0,1.0,1.0,True,"[2017-01-01,2018-08-01)","mature by horizon OR same common90 sample, explicitly separated",seller count; group n<10 not interpreted
each_horizon_mature,30,business_segment,food_drink,time_to_first_delivered_days,5,67.64362731481482,65.97697916666667,59.91416666666667,74.605625,1.0,1.0,True,"[2017-01-01,2018-08-01)","mature by horizon OR same common90 sample, explicitly separated",seller count; group n<10 not interpreted
each_horizon_mature,30,business_segment,food_supplement,merchandise_cents,6,52631.5,24924.5,15387.5,44384.75,1.0,1.0,True,"[2017-01-01,2018-08-01)","mature by horizon OR same common90 sample, explicitly separated",seller count; group n<10 not interpreted
each_horizon_mature,30,business_segment,food_supplement,orders,6,4.333333333333333,2.0,1.0,3.75,1.0,1.0,True,"[2017-01-01,2018-08-01)","mature by horizon OR same common90 sample, explicitly separated",seller count; group n<10 not interpreted
each_horizon_mature,30,business_segment,food_supplement,items,6,5.166666666666667,2.5,1.0,4.0,1.0,1.0,True,"[2017-01-01,2018-08-01)","mature by horizon OR same common90 sample, explicitly separated",seller count; group n<10 not interpreted
each_horizon_mature,30,business_segment,food_supplement,time_to_first_delivered_days,6,35.24145061728395,41.460277777777776,17.928527199074075,46.27546585648148,1.0,1.0,True,"[2017-01-01,2018-08-01)","mature by horizon OR same common90 sample, explicitly separated",seller count; group n<10 not interpreted
each_horizon_mature,30,business_segment,gifts,merchandise_cents,1,18900.0,18900.0,18900.0,18900.0,1.0,1.0,True,"[2017-01-01,2018-08-01)","mature by horizon OR same common90 sample, explicitly separated",seller count; group n<10 not interpreted
each_horizon_mature,30,business_segment,gifts,orders,1,1.0,1.0,1.0,1.0,1.0,1.0,True,"[2017-01-01,2018-08-01)","mature by horizon OR same common90 sample, explicitly separated",seller count; group n<10 not interpreted
each_horizon_mature,30,business_segment,gifts,items,1,1.0,1.0,1.0,1.0,1.0,1.0,True,"[2017-01-01,2018-08-01)","mature by horizon OR same common90 sample, explicitly separated",seller count; group n<10 not interpreted
each_horizon_mature,30,business_segment,gifts,time_to_first_delivered_days,1,31.068090277777777,31.068090277777777,31.068090277777777,31.068090277777777,1.0,1.0,True,"[2017-01-01,2018-08-01)","mature by horizon OR same common90 sample, explicitly separated",seller count; group n<10 not interpreted
each_horizon_mature,30,business_segment,handcrafted,merchandise_cents,1,18760.0,18760.0,18760.0,18760.0,1.0,1.0,True,"[2017-01-01,2018-08-01)","mature by horizon OR same common90 sample, explicitly separated",seller count; group n<10 not interpreted
each_horizon_mature,30,business_segment,handcrafted,orders,1,2.0,2.0,2.0,2.0,1.0,1.0,True,"[2017-01-01,2018-08-01)","mature by horizon OR same common90 sample, explicitly separated",seller count; group n<10 not interpreted
each_horizon_mature,30,business_segment,handcrafted,items,1,2.0,2.0,2.0,2.0,1.0,1.0,True,"[2017-01-01,2018-08-01)","mature by horizon OR same common90 sample, explicitly separated",seller count; group n<10 not interpreted
each_horizon_mature,30,business_segment,handcrafted,time_to_first_delivered_days,1,63.04056712962963,63.04056712962963,63.04056712962963,63.04056712962963,1.0,1.0,True,"[2017-01-01,2018-08-01)","mature by horizon OR same common90 sample, explicitly separated",seller count; group n<10 not interpreted
each_horizon_mature,30,business_segment,health_beauty,merchandise_cents,34,65275.117647058825,20439.0,6592.0,55850.0,1.0,1.0,False,"[2017-01-01,2018-08-01)","mature by horizon OR same common90 sample, explicitly separated",seller count; group n<10 not interpreted
each_horizon_mature,30,business_segment,health_beauty,orders,34,5.735294117647059,2.5,1.0,5.75,1.0,1.0,False,"[2017-01-01,2018-08-01)","mature by horizon OR same common90 sample, explicitly separated",seller count; group n<10 not interpreted
each_horizon_mature,30,business_segment,health_beauty,items,34,6.588235294117647,2.5,1.0,6.0,1.0,1.0,False,"[2017-01-01,2018-08-01)","mature by horizon OR same common90 sample, explicitly separated",seller count; group n<10 not interpreted
each_horizon_mature,30,business_segment,health_beauty,time_to_first_delivered_days,34,42.309597630718955,32.84677662037037,13.896984953703704,66.52341145833333,1.0,1.0,False,"[2017-01-01,2018-08-01)","mature by horizon OR same common90 sample, explicitly separated",seller count; group n<10 not interpreted
each_horizon_mature,30,business_segment,home_appliances,merchandise_cents,3,138262.0,53097.0,37493.5,196448.0,1.0,1.0,True,"[2017-01-01,2018-08-01)","mature by horizon OR same common90 sample, explicitly separated",seller count; group n<10 not interpreted
each_horizon_mature,30,business_segment,home_appliances,orders,3,8.0,3.0,2.5,11.0,1.0,1.0,True,"[2017-01-01,2018-08-01)","mature by horizon OR same common90 sample, explicitly separated",seller count; group n<10 not interpreted
each_horizon_mature,30,business_segment,home_appliances,items,3,9.0,4.0,3.0,12.5,1.0,1.0,True,"[2017-01-01,2018-08-01)","mature by horizon OR same common90 sample, explicitly separated",seller count; group n<10 not interpreted
each_horizon_mature,30,business_segment,home_appliances,time_to_first_delivered_days,3,30.12786265432099,39.80773148148148,22.843113425925928,42.2525462962963,1.0,1.0,True,"[2017-01-01,2018-08-01)","mature by horizon OR same common90 sample, explicitly separated",seller count; group n<10 not interpreted
each_horizon_mature,30,business_segment,home_decor,merchandise_cents,32,40041.3125,28935.0,13425.0,54707.0,1.0,1.0,False,"[2017-01-01,2018-08-01)","mature by horizon OR same common90 sample, explicitly separated",seller count; group n<10 not interpreted
each_horizon_mature,30,business_segment,home_decor,orders,32,3.34375,2.0,1.0,4.0,1.0,1.0,False,"[2017-01-01,2018-08-01)","mature by horizon OR same common90 sample, explicitly separated",seller count; group n<10 not interpreted
each_horizon_mature,30,business_segment,home_decor,items,32,4.125,3.0,1.0,5.0,1.0,1.0,False,"[2017-01-01,2018-08-01)","mature by horizon OR same common90 sample, explicitly separated",seller count; group n<10 not interpreted
each_horizon_mature,30,business_segment,home_decor,time_to_first_delivered_days,32,49.879570674189814,43.567048611111105,30.081617476851854,71.80395543981481,1.0,1.0,False,"[2017-01-01,2018-08-01)","mature by horizon OR same common90 sample, explicitly separated",seller count; group n<10 not interpreted
each_horizon_mature,30,business_segment,home_office_furniture,merchandise_cents,3,104985.33333333333,82270.0,69133.0,129480.0,1.0,1.0,True,"[2017-01-01,2018-08-01)","mature by horizon OR same common90 sample, explicitly separated",seller count; group n<10 not interpreted
each_horizon_mature,30,business_segment,home_office_furniture,orders,3,7.333333333333333,6.0,4.5,9.5,1.0,1.0,True,"[2017-01-01,2018-08-01)","mature by horizon OR same common90 sample, explicitly separated",seller count; group n<10 not interpreted
each_horizon_mature,30,business_segment,home_office_furniture,items,3,8.666666666666666,6.0,5.0,11.0,1.0,1.0,True,"[2017-01-01,2018-08-01)","mature by horizon OR same common90 sample, explicitly separated",seller count; group n<10 not interpreted
each_horizon_mature,30,business_segment,home_office_furniture,time_to_first_delivered_days,3,39.72723765432099,38.977800925925926,27.73122685185185,51.3485300925926,1.0,1.0,True,"[2017-01-01,2018-08-01)","mature by horizon OR same common90 sample, explicitly separated",seller count; group n<10 not interpreted
each_horizon_mature,30,business_segment,household_utilities,merchandise_cents,32,53013.46875,21045.0,7475.0,48368.25,1.0,1.0,False,"[2017-01-01,2018-08-01)","mature by horizon OR same common90 sample, explicitly separated",seller count; group n<10 not interpreted
each_horizon_mature,30,business_segment,household_utilities,orders,32,4.1875,2.0,1.0,5.5,1.0,1.0,False,"[2017-01-01,2018-08-01)","mature by horizon OR same common90 sample, explicitly separated",seller count; group n<10 not interpreted
each_horizon_mature,30,business_segment,household_utilities,items,32,4.65625,2.5,1.0,5.5,1.0,1.0,False,"[2017-01-01,2018-08-01)","mature by horizon OR same common90 sample, explicitly separated",seller count; group n<10 not interpreted
each_horizon_mature,30,business_segment,household_utilities,time_to_first_delivered_days,32,46.04154947916666,40.08072337962963,21.526883680555557,68.32053530092593,1.0,1.0,False,"[2017-01-01,2018-08-01)","mature by horizon OR same common90 sample, explicitly separated",seller count; group n<10 not interpreted
each_horizon_mature,30,business_segment,music_instruments,merchandise_cents,3,76718.33333333333,49995.0,33687.5,106387.5,1.0,1.0,True,"[2017-01-01,2018-08-01)","mature by horizon OR same common90 sample, explicitly separated",seller count; group n<10 not interpreted
each_horizon_mature,30,business_segment,music_instruments,orders,3,4.0,4.0,3.5,4.5,1.0,1.0,True,"[2017-01-01,2018-08-01)","mature by horizon OR same common90 sample, explicitly separated",seller count; group n<10 not interpreted
each_horizon_mature,30,business_segment,music_instruments,items,3,4.333333333333333,4.0,4.0,4.5,1.0,1.0,True,"[2017-01-01,2018-08-01)","mature by horizon OR same common90 sample, explicitly separated",seller count; group n<10 not interpreted
each_horizon_mature,30,business_segment,music_instruments,time_to_first_delivered_days,3,36.91844907407407,45.89612268518518,29.380850694444444,48.944884259259254,1.0,1.0,True,"[2017-01-01,2018-08-01)","mature by horizon OR same common90 sample, explicitly separated",seller count; group n<10 not interpreted
each_horizon_mature,30,business_segment,pet,merchandise_cents,16,51649.8125,27997.5,17147.75,61264.5,1.0,1.0,False,"[2017-01-01,2018-08-01)","mature by horizon OR same common90 sample, explicitly separated",seller count; group n<10 not interpreted
each_horizon_mature,30,business_segment,pet,orders,16,3.875,2.5,1.0,4.0,1.0,1.0,False,"[2017-01-01,2018-08-01)","mature by horizon OR same common90 sample, explicitly separated",seller count; group n<10 not interpreted
each_horizon_mature,30,business_segment,pet,items,16,4.1875,2.5,2.0,4.0,1.0,1.0,False,"[2017-01-01,2018-08-01)","mature by horizon OR same common90 sample, explicitly separated",seller count; group n<10 not interpreted
each_horizon_mature,30,business_segment,pet,time_to_first_delivered_days,16,45.51192780671296,37.374913194444446,28.033596643518518,49.404126157407404,1.0,1.0,False,"[2017-01-01,2018-08-01)","mature by horizon OR same common90 sample, explicitly separated",seller count; group n<10 not interpreted
each_horizon_mature,30,business_segment,phone_mobile,merchandise_cents,5,37951.8,39570.0,10490.0,53800.0,1.0,1.0,True,"[2017-01-01,2018-08-01)","mature by horizon OR same common90 sample, explicitly separated",seller count; group n<10 not interpreted
each_horizon_mature,30,business_segment,phone_mobile,orders,5,3.8,1.0,1.0,3.0,1.0,1.0,True,"[2017-01-01,2018-08-01)","mature by horizon OR same common90 sample, explicitly separated",seller count; group n<10 not interpreted
each_horizon_mature,30,business_segment,phone_mobile,items,5,4.2,2.0,1.0,3.0,1.0,1.0,True,"[2017-01-01,2018-08-01)","mature by horizon OR same common90 sample, explicitly separated",seller count; group n<10 not interpreted
each_horizon_mature,30,business_segment,phone_mobile,time_to_first_delivered_days,5,51.73080555555556,52.24982638888889,47.67155092592593,60.976724537037036,1.0,1.0,True,"[2017-01-01,2018-08-01)","mature by horizon OR same common90 sample, explicitly separated",seller count; group n<10 not interpreted
each_horizon_mature,30,business_segment,small_appliances,merchandise_cents,4,259377.5,71615.0,46900.0,284092.5,1.0,1.0,True,"[2017-01-01,2018-08-01)","mature by horizon OR same common90 sample, explicitly separated",seller count; group n<10 not interpreted
each_horizon_mature,30,business_segment,small_appliances,orders,4,4.0,4.0,1.75,6.25,1.0,1.0,True,"[2017-01-01,2018-08-01)","mature by horizon OR same common90 sample, explicitly separated",seller count; group n<10 not interpreted
each_horizon_mature,30,business_segment,small_appliances,items,4,4.0,4.0,1.75,6.25,1.0,1.0,True,"[2017-01-01,2018-08-01)","mature by horizon OR same common90 sample, explicitly separated",seller count; group n<10 not interpreted
each_horizon_mature,30,business_segment,small_appliances,time_to_first_delivered_days,4,41.591831597222225,28.760601851851852,17.720674189814815,52.63175925925926,1.0,1.0,True,"[2017-01-01,2018-08-01)","mature by horizon OR same common90 sample, explicitly separated",seller count; group n<10 not interpreted
each_horizon_mature,30,business_segment,sports_leisure,merchandise_cents,11,35782.36363636364,29920.0,15078.5,40815.0,1.0,1.0,False,"[2017-01-01,2018-08-01)","mature by horizon OR same common90 sample, explicitly separated",seller count; group n<10 not interpreted
each_horizon_mature,30,business_segment,sports_leisure,orders,11,3.727272727272727,3.0,1.0,4.5,1.0,1.0,False,"[2017-01-01,2018-08-01)","mature by horizon OR same common90 sample, explicitly separated",seller count; group n<10 not interpreted
each_horizon_mature,30,business_segment,sports_leisure,items,11,4.0,4.0,1.0,5.0,1.0,1.0,False,"[2017-01-01,2018-08-01)","mature by horizon OR same common90 sample, explicitly separated",seller count; group n<10 not interpreted
each_horizon_mature,30,business_segment,sports_leisure,time_to_first_delivered_days,11,28.670331439393934,18.883553240740742,16.131730324074073,42.689612268518516,1.0,1.0,False,"[2017-01-01,2018-08-01)","mature by horizon OR same common90 sample, explicitly separated",seller count; group n<10 not interpreted
each_horizon_mature,30,business_segment,stationery,merchandise_cents,7,20968.714285714286,16100.0,9222.0,23099.5,1.0,1.0,True,"[2017-01-01,2018-08-01)","mature by horizon OR same common90 sample, explicitly separated",seller count; group n<10 not interpreted
each_horizon_mature,30,business_segment,stationery,orders,7,1.7142857142857142,1.0,1.0,2.5,1.0,1.0,True,"[2017-01-01,2018-08-01)","mature by horizon OR same common90 sample, explicitly separated",seller count; group n<10 not interpreted
each_horizon_mature,30,business_segment,stationery,items,7,2.0,2.0,1.0,3.0,1.0,1.0,True,"[2017-01-01,2018-08-01)","mature by horizon OR same common90 sample, explicitly separated",seller count; group n<10 not interpreted
each_horizon_mature,30,business_segment,stationery,time_to_first_delivered_days,7,36.08247685185186,35.04832175925926,19.97433449074074,48.312158564814816,1.0,1.0,True,"[2017-01-01,2018-08-01)","mature by horizon OR same common90 sample, explicitly separated",seller count; group n<10 not interpreted
each_horizon_mature,30,business_segment,toys,merchandise_cents,10,23619.3,25094.0,9837.5,36225.0,1.0,1.0,False,"[2017-01-01,2018-08-01)","mature by horizon OR same common90 sample, explicitly separated",seller count; group n<10 not interpreted
each_horizon_mature,30,business_segment,toys,orders,10,3.5,3.0,1.25,4.75,1.0,1.0,False,"[2017-01-01,2018-08-01)","mature by horizon OR same common90 sample, explicitly separated",seller count; group n<10 not interpreted
each_horizon_mature,30,business_segment,toys,items,10,3.7,3.0,1.25,5.5,1.0,1.0,False,"[2017-01-01,2018-08-01)","mature by horizon OR same common90 sample, explicitly separated",seller count; group n<10 not interpreted
each_horizon_mature,30,business_segment,toys,time_to_first_delivered_days,10,41.035800925925926,26.600671296296298,16.288781828703705,53.250112847222226,1.0,1.0,False,"[2017-01-01,2018-08-01)","mature by horizon OR same common90 sample, explicitly separated",seller count; group n<10 not interpreted
each_horizon_mature,30,business_segment,watches,merchandise_cents,2,1104760.5,1104760.5,653475.25,1556045.75,1.0,1.0,True,"[2017-01-01,2018-08-01)","mature by horizon OR same common90 sample, explicitly separated",seller count; group n<10 not interpreted
each_horizon_mature,30,business_segment,watches,orders,2,37.5,37.5,20.25,54.75,1.0,1.0,True,"[2017-01-01,2018-08-01)","mature by horizon OR same common90 sample, explicitly separated",seller count; group n<10 not interpreted
each_horizon_mature,30,business_segment,watches,items,2,37.5,37.5,20.25,54.75,1.0,1.0,True,"[2017-01-01,2018-08-01)","mature by horizon OR same common90 sample, explicitly separated",seller count; group n<10 not interpreted
each_horizon_mature,30,business_segment,watches,time_to_first_delivered_days,2,28.230005787037037,28.230005787037037,17.195384837962962,39.26462673611111,1.0,1.0,True,"[2017-01-01,2018-08-01)","mature by horizon OR same common90 sample, explicitly separated",seller count; group n<10 not interpreted
each_horizon_mature,60,business_segment,audio_video_electronics,merchandise_cents,15,124860.26666666666,64730.0,23193.0,190421.5,1.0,0.5333333333333333,False,"[2017-01-01,2018-08-01)","mature by horizon OR same common90 sample, explicitly separated",seller count; group n<10 not interpreted
each_horizon_mature,60,business_segment,audio_video_electronics,orders,15,6.133333333333334,4.0,2.0,8.5,1.0,0.5333333333333333,False,"[2017-01-01,2018-08-01)","mature by horizon OR same common90 sample, explicitly separated",seller count; group n<10 not interpreted
each_horizon_mature,60,business_segment,audio_video_electronics,items,15,6.666666666666667,4.0,2.0,11.5,1.0,0.5333333333333333,False,"[2017-01-01,2018-08-01)","mature by horizon OR same common90 sample, explicitly separated",seller count; group n<10 not interpreted
each_horizon_mature,60,business_segment,audio_video_electronics,time_to_first_delivered_days,15,34.859380401234574,27.653900462962962,22.284629629629627,46.67123842592593,1.0,0.5333333333333333,False,"[2017-01-01,2018-08-01)","mature by horizon OR same common90 sample, explicitly separated",seller count; group n<10 not interpreted
each_horizon_mature,60,business_segment,baby,merchandise_cents,3,342198.3333333333,57450.0,38047.5,503975.0,1.0,1.0,True,"[2017-01-01,2018-08-01)","mature by horizon OR same common90 sample, explicitly separated",seller count; group n<10 not interpreted
each_horizon_mature,60,business_segment,baby,orders,3,4.333333333333333,5.0,3.5,5.5,1.0,1.0,True,"[2017-01-01,2018-08-01)","mature by horizon OR same common90 sample, explicitly separated",seller count; group n<10 not interpreted
each_horizon_mature,60,business_segment,baby,items,3,4.333333333333333,5.0,3.5,5.5,1.0,1.0,True,"[2017-01-01,2018-08-01)","mature by horizon OR same common90 sample, explicitly separated",seller count; group n<10 not interpreted
each_horizon_mature,60,business_segment,baby,time_to_first_delivered_days,3,29.92278935185185,38.92574074074074,22.82686342592593,41.520190972222224,1.0,1.0,True,"[2017-01-01,2018-08-01)","mature by horizon OR same common90 sample, explicitly separated",seller count; group n<10 not interpreted
each_horizon_mature,60,business_segment,bags_backpacks,merchandise_cents,10,64255.7,26985.0,19234.75,108661.0,1.0,0.6,False,"[2017-01-01,2018-08-01)","mature by horizon OR same common90 sample, explicitly separated",seller count; group n<10 not interpreted
each_horizon_mature,60,business_segment,bags_backpacks,orders,10,5.9,3.0,2.25,9.0,1.0,0.6,False,"[2017-01-01,2018-08-01)","mature by horizon OR same common90 sample, explicitly separated",seller count; group n<10 not interpreted
each_horizon_mature,60,business_segment,bags_backpacks,items,10,6.1,3.0,2.25,9.75,1.0,0.6,False,"[2017-01-01,2018-08-01)","mature by horizon OR same common90 sample, explicitly separated",seller count; group n<10 not interpreted
each_horizon_mature,60,business_segment,bags_backpacks,time_to_first_delivered_days,10,37.87343171296297,26.405532407407406,20.45908275462963,48.74583912037038,1.0,0.6,False,"[2017-01-01,2018-08-01)","mature by horizon OR same common90 sample, explicitly separated",seller count; group n<10 not interpreted
each_horizon_mature,60,business_segment,bed_bath_table,merchandise_cents,9,79258.66666666667,43600.0,19200.0,84960.0,1.0,0.6666666666666666,True,"[2017-01-01,2018-08-01)","mature by horizon OR same common90 sample, explicitly separated",seller count; group n<10 not interpreted
each_horizon_mature,60,business_segment,bed_bath_table,orders,9,7.666666666666667,3.0,2.0,8.0,1.0,0.6666666666666666,True,"[2017-01-01,2018-08-01)","mature by horizon OR same common90 sample, explicitly separated",seller count; group n<10 not interpreted
each_horizon_mature,60,business_segment,bed_bath_table,items,9,9.0,4.0,2.0,8.0,1.0,0.6666666666666666,True,"[2017-01-01,2018-08-01)","mature by horizon OR same common90 sample, explicitly separated",seller count; group n<10 not interpreted
each_horizon_mature,60,business_segment,bed_bath_table,time_to_first_delivered_days,9,30.425165895061728,22.79715277777778,17.686666666666667,39.06556712962963,1.0,0.6666666666666666,True,"[2017-01-01,2018-08-01)","mature by horizon OR same common90 sample, explicitly separated",seller count; group n<10 not interpreted
each_horizon_mature,60,business_segment,books,merchandise_cents,4,113092.5,19169.5,6187.5,126074.5,1.0,1.0,True,"[2017-01-01,2018-08-01)","mature by horizon OR same common90 sample, explicitly separated",seller count; group n<10 not interpreted
each_horizon_mature,60,business_segment,books,orders,4,16.75,3.0,2.0,17.75,1.0,1.0,True,"[2017-01-01,2018-08-01)","mature by horizon OR same common90 sample, explicitly separated",seller count; group n<10 not interpreted
each_horizon_mature,60,business_segment,books,items,4,17.25,3.5,2.0,18.75,1.0,1.0,True,"[2017-01-01,2018-08-01)","mature by horizon OR same common90 sample, explicitly separated",seller count; group n<10 not interpreted
each_horizon_mature,60,business_segment,books,time_to_first_delivered_days,4,30.149539930555555,27.29939236111111,7.117118055555556,50.331814236111114,1.0,1.0,True,"[2017-01-01,2018-08-01)","mature by horizon OR same common90 sample, explicitly separated",seller count; group n<10 not interpreted
each_horizon_mature,60,business_segment,car_accessories,merchandise_cents,10,108852.1,95673.0,23592.5,182605.0,1.0,0.7,False,"[2017-01-01,2018-08-01)","mature by horizon OR same common90 sample, explicitly separated",seller count; group n<10 not interpreted
each_horizon_mature,60,business_segment,car_accessories,orders,10,5.2,3.0,2.25,8.0,1.0,0.7,False,"[2017-01-01,2018-08-01)","mature by horizon OR same common90 sample, explicitly separated",seller count; group n<10 not interpreted
each_horizon_mature,60,business_segment,car_accessories,items,10,5.5,3.5,2.25,8.5,1.0,0.7,False,"[2017-01-01,2018-08-01)","mature by horizon OR same common90 sample, explicitly separated",seller count; group n<10 not interpreted
each_horizon_mature,60,business_segment,car_accessories,time_to_first_delivered_days,10,52.66889814814815,51.28150462962963,23.54863425925926,83.43635127314815,1.0,0.7,False,"[2017-01-01,2018-08-01)","mature by horizon OR same common90 sample, explicitly separated",seller count; group n<10 not interpreted
each_horizon_mature,60,business_segment,computers,merchandise_cents,8,32605.0,19250.0,10284.0,57856.75,1.0,0.5,True,"[2017-01-01,2018-08-01)","mature by horizon OR same common90 sample, explicitly separated",seller count; group n<10 not interpreted
each_horizon_mature,60,business_segment,computers,orders,8,3.0,2.0,1.0,4.5,1.0,0.5,True,"[2017-01-01,2018-08-01)","mature by horizon OR same common90 sample, explicitly separated",seller count; group n<10 not interpreted
each_horizon_mature,60,business_segment,computers,items,8,3.75,2.0,1.0,4.75,1.0,0.5,True,"[2017-01-01,2018-08-01)","mature by horizon OR same common90 sample, explicitly separated",seller count; group n<10 not interpreted
each_horizon_mature,60,business_segment,computers,time_to_first_delivered_days,8,28.685970775462962,25.9065625,14.024320023148148,35.318012152777776,1.0,0.5,True,"[2017-01-01,2018-08-01)","mature by horizon OR same common90 sample, explicitly separated",seller count; group n<10 not interpreted
each_horizon_mature,60,business_segment,construction_tools_house_garden,merchandise_cents,17,68181.23529411765,48900.0,23487.0,78433.0,1.0,0.7058823529411765,False,"[2017-01-01,2018-08-01)","mature by horizon OR same common90 sample, explicitly separated",seller count; group n<10 not interpreted
each_horizon_mature,60,business_segment,construction_tools_house_garden,orders,17,4.529411764705882,4.0,1.0,7.0,1.0,0.7058823529411765,False,"[2017-01-01,2018-08-01)","mature by horizon OR same common90 sample, explicitly separated",seller count; group n<10 not interpreted
each_horizon_mature,60,business_segment,construction_tools_house_garden,items,17,5.764705882352941,4.0,1.0,9.0,1.0,0.7058823529411765,False,"[2017-01-01,2018-08-01)","mature by horizon OR same common90 sample, explicitly separated",seller count; group n<10 not interpreted
each_horizon_mature,60,business_segment,construction_tools_house_garden,time_to_first_delivered_days,17,31.85837145969499,20.84582175925926,12.16576388888889,37.12089120370371,1.0,0.7058823529411765,False,"[2017-01-01,2018-08-01)","mature by horizon OR same common90 sample, explicitly separated",seller count; group n<10 not interpreted
each_horizon_mature,60,business_segment,fashion_accessories,merchandise_cents,3,89586.66666666667,10480.0,10230.0,129390.0,1.0,0.6666666666666666,True,"[2017-01-01,2018-08-01)","mature by horizon OR same common90 sample, explicitly separated",seller count; group n<10 not interpreted
each_horizon_mature,60,business_segment,fashion_accessories,orders,3,6.666666666666667,2.0,1.5,9.5,1.0,0.6666666666666666,True,"[2017-01-01,2018-08-01)","mature by horizon OR same common90 sample, explicitly separated",seller count; group n<10 not interpreted
each_horizon_mature,60,business_segment,fashion_accessories,items,3,7.0,2.0,2.0,9.5,1.0,0.6666666666666666,True,"[2017-01-01,2018-08-01)","mature by horizon OR same common90 sample, explicitly separated",seller count; group n<10 not interpreted
each_horizon_mature,60,business_segment,fashion_accessories,time_to_first_delivered_days,3,53.63961033950617,72.13856481481481,39.644363425925924,76.88433449074074,1.0,0.6666666666666666,True,"[2017-01-01,2018-08-01)","mature by horizon OR same common90 sample, explicitly separated",seller count; group n<10 not interpreted
each_horizon_mature,60,business_segment,food_drink,merchandise_cents,4,16305.0,9930.0,6165.0,20070.0,1.0,0.25,True,"[2017-01-01,2018-08-01)","mature by horizon OR same common90 sample, explicitly separated",seller count; group n<10 not interpreted
each_horizon_mature,60,business_segment,food_drink,orders,4,2.25,2.0,1.75,2.5,1.0,0.25,True,"[2017-01-01,2018-08-01)","mature by horizon OR same common90 sample, explicitly separated",seller count; group n<10 not interpreted
each_horizon_mature,60,business_segment,food_drink,items,4,3.5,3.0,2.0,4.5,1.0,0.25,True,"[2017-01-01,2018-08-01)","mature by horizon OR same common90 sample, explicitly separated",seller count; group n<10 not interpreted
each_horizon_mature,60,business_segment,food_drink,time_to_first_delivered_days,4,65.90312789351852,62.94557291666666,58.27592013888889,70.5727806712963,1.0,0.25,True,"[2017-01-01,2018-08-01)","mature by horizon OR same common90 sample, explicitly separated",seller count; group n<10 not interpreted
each_horizon_mature,60,business_segment,food_supplement,merchandise_cents,4,138458.5,103607.0,25607.5,216458.0,1.0,1.0,True,"[2017-01-01,2018-08-01)","mature by horizon OR same common90 sample, explicitly separated",seller count; group n<10 not interpreted
each_horizon_mature,60,business_segment,food_supplement,orders,4,12.0,8.5,5.75,14.75,1.0,1.0,True,"[2017-01-01,2018-08-01)","mature by horizon OR same common90 sample, explicitly separated",seller count; group n<10 not interpreted
each_horizon_mature,60,business_segment,food_supplement,items,4,13.75,10.0,7.25,16.5,1.0,1.0,True,"[2017-01-01,2018-08-01)","mature by horizon OR same common90 sample, explicitly separated",seller count; group n<10 not interpreted
each_horizon_mature,60,business_segment,food_supplement,time_to_first_delivered_days,4,31.388729745370373,27.49595486111111,10.918732638888889,47.96595196759259,1.0,1.0,True,"[2017-01-01,2018-08-01)","mature by horizon OR same common90 sample, explicitly separated",seller count; group n<10 not interpreted
each_horizon_mature,60,business_segment,gifts,merchandise_cents,1,18900.0,18900.0,18900.0,18900.0,1.0,0.0,True,"[2017-01-01,2018-08-01)","mature by horizon OR same common90 sample, explicitly separated",seller count; group n<10 not interpreted
each_horizon_mature,60,business_segment,gifts,orders,1,1.0,1.0,1.0,1.0,1.0,0.0,True,"[2017-01-01,2018-08-01)","mature by horizon OR same common90 sample, explicitly separated",seller count; group n<10 not interpreted
each_horizon_mature,60,business_segment,gifts,items,1,1.0,1.0,1.0,1.0,1.0,0.0,True,"[2017-01-01,2018-08-01)","mature by horizon OR same common90 sample, explicitly separated",seller count; group n<10 not interpreted
each_horizon_mature,60,business_segment,gifts,time_to_first_delivered_days,1,31.068090277777777,31.068090277777777,31.068090277777777,31.068090277777777,1.0,0.0,True,"[2017-01-01,2018-08-01)","mature by horizon OR same common90 sample, explicitly separated",seller count; group n<10 not interpreted
each_horizon_mature,60,business_segment,health_beauty,merchandise_cents,24,152725.08333333334,62248.0,14645.0,128930.0,1.0,0.6666666666666666,False,"[2017-01-01,2018-08-01)","mature by horizon OR same common90 sample, explicitly separated",seller count; group n<10 not interpreted
each_horizon_mature,60,business_segment,health_beauty,orders,24,12.625,6.0,2.0,9.0,1.0,0.6666666666666666,False,"[2017-01-01,2018-08-01)","mature by horizon OR same common90 sample, explicitly separated",seller count; group n<10 not interpreted
each_horizon_mature,60,business_segment,health_beauty,items,24,14.333333333333334,6.0,2.0,10.0,1.0,0.6666666666666666,False,"[2017-01-01,2018-08-01)","mature by horizon OR same common90 sample, explicitly separated",seller count; group n<10 not interpreted
each_horizon_mature,60,business_segment,health_beauty,time_to_first_delivered_days,24,34.8029330632716,23.428877314814816,12.103946759259259,57.98876736111111,1.0,0.6666666666666666,False,"[2017-01-01,2018-08-01)","mature by horizon OR same common90 sample, explicitly separated",seller count; group n<10 not interpreted
each_horizon_mature,60,business_segment,home_appliances,merchandise_cents,1,145095.0,145095.0,145095.0,145095.0,1.0,1.0,True,"[2017-01-01,2018-08-01)","mature by horizon OR same common90 sample, explicitly separated",seller count; group n<10 not interpreted
each_horizon_mature,60,business_segment,home_appliances,orders,1,7.0,7.0,7.0,7.0,1.0,1.0,True,"[2017-01-01,2018-08-01)","mature by horizon OR same common90 sample, explicitly separated",seller count; group n<10 not interpreted
each_horizon_mature,60,business_segment,home_appliances,items,1,8.0,8.0,8.0,8.0,1.0,1.0,True,"[2017-01-01,2018-08-01)","mature by horizon OR same common90 sample, explicitly separated",seller count; group n<10 not interpreted
each_horizon_mature,60,business_segment,home_appliances,time_to_first_delivered_days,1,39.80773148148148,39.80773148148148,39.80773148148148,39.80773148148148,1.0,1.0,True,"[2017-01-01,2018-08-01)","mature by horizon OR same common90 sample, explicitly separated",seller count; group n<10 not interpreted
each_horizon_mature,60,business_segment,home_decor,merchandise_cents,20,55741.8,31504.5,15676.5,77978.25,1.0,0.5,False,"[2017-01-01,2018-08-01)","mature by horizon OR same common90 sample, explicitly separated",seller count; group n<10 not interpreted
each_horizon_mature,60,business_segment,home_decor,orders,20,5.25,3.0,1.75,4.0,1.0,0.5,False,"[2017-01-01,2018-08-01)","mature by horizon OR same common90 sample, explicitly separated",seller count; group n<10 not interpreted
each_horizon_mature,60,business_segment,home_decor,items,20,6.85,3.5,2.0,5.5,1.0,0.5,False,"[2017-01-01,2018-08-01)","mature by horizon OR same common90 sample, explicitly separated",seller count; group n<10 not interpreted
each_horizon_mature,60,business_segment,home_decor,time_to_first_delivered_days,20,50.76023495370371,42.57194444444444,23.112300347222224,75.30003472222222,1.0,0.5,False,"[2017-01-01,2018-08-01)","mature by horizon OR same common90 sample, explicitly separated",seller count; group n<10 not interpreted
each_horizon_mature,60,business_segment,home_office_furniture,merchandise_cents,3,125246.66666666667,101260.0,83127.5,155372.5,1.0,1.0,True,"[2017-01-01,2018-08-01)","mature by horizon OR same common90 sample, explicitly separated",seller count; group n<10 not interpreted
each_horizon_mature,60,business_segment,home_office_furniture,orders,3,9.0,7.0,5.5,11.5,1.0,1.0,True,"[2017-01-01,2018-08-01)","mature by horizon OR same common90 sample, explicitly separated",seller count; group n<10 not interpreted
each_horizon_mature,60,business_segment,home_office_furniture,items,3,10.333333333333334,7.0,6.0,13.0,1.0,1.0,True,"[2017-01-01,2018-08-01)","mature by horizon OR same common90 sample, explicitly separated",seller count; group n<10 not interpreted
each_horizon_mature,60,business_segment,home_office_furniture,time_to_first_delivered_days,3,39.72723765432099,38.977800925925926,27.73122685185185,51.3485300925926,1.0,1.0,True,"[2017-01-01,2018-08-01)","mature by horizon OR same common90 sample, explicitly separated",seller count; group n<10 not interpreted
each_horizon_mature,60,business_segment,household_utilities,merchandise_cents,23,84874.17391304347,45460.0,13365.0,132085.0,1.0,0.7391304347826086,False,"[2017-01-01,2018-08-01)","mature by horizon OR same common90 sample, explicitly separated",seller count; group n<10 not interpreted
each_horizon_mature,60,business_segment,household_utilities,orders,23,8.173913043478262,5.0,3.0,10.0,1.0,0.7391304347826086,False,"[2017-01-01,2018-08-01)","mature by horizon OR same common90 sample, explicitly separated",seller count; group n<10 not interpreted
each_horizon_mature,60,business_segment,household_utilities,items,23,9.0,5.0,3.5,13.0,1.0,0.7391304347826086,False,"[2017-01-01,2018-08-01)","mature by horizon OR same common90 sample, explicitly separated",seller count; group n<10 not interpreted
each_horizon_mature,60,business_segment,household_utilities,time_to_first_delivered_days,23,37.16506390901771,28.635856481481483,19.199635416666666,57.29204861111111,1.0,0.7391304347826086,False,"[2017-01-01,2018-08-01)","mature by horizon OR same common90 sample, explicitly separated",seller count; group n<10 not interpreted
each_horizon_mature,60,business_segment,music_instruments,merchandise_cents,2,136377.0,136377.0,115680.5,157073.5,1.0,1.0,True,"[2017-01-01,2018-08-01)","mature by horizon OR same common90 sample, explicitly separated",seller count; group n<10 not interpreted
each_horizon_mature,60,business_segment,music_instruments,orders,2,6.0,6.0,5.5,6.5,1.0,1.0,True,"[2017-01-01,2018-08-01)","mature by horizon OR same common90 sample, explicitly separated",seller count; group n<10 not interpreted
each_horizon_mature,60,business_segment,music_instruments,items,2,6.0,6.0,5.5,6.5,1.0,1.0,True,"[2017-01-01,2018-08-01)","mature by horizon OR same common90 sample, explicitly separated",seller count; group n<10 not interpreted
each_horizon_mature,60,business_segment,music_instruments,time_to_first_delivered_days,2,29.380850694444444,29.380850694444444,21.123214699074076,37.63848668981481,1.0,1.0,True,"[2017-01-01,2018-08-01)","mature by horizon OR same common90 sample, explicitly separated",seller count; group n<10 not interpreted
each_horizon_mature,60,business_segment,pet,merchandise_cents,13,101891.38461538461,53390.0,23970.0,89112.0,1.0,0.7692307692307693,False,"[2017-01-01,2018-08-01)","mature by horizon OR same common90 sample, explicitly separated",seller count; group n<10 not interpreted
each_horizon_mature,60,business_segment,pet,orders,13,6.769230769230769,4.0,2.0,9.0,1.0,0.7692307692307693,False,"[2017-01-01,2018-08-01)","mature by horizon OR same common90 sample, explicitly separated",seller count; group n<10 not interpreted
each_horizon_mature,60,business_segment,pet,items,13,7.384615384615385,4.0,3.0,9.0,1.0,0.7692307692307693,False,"[2017-01-01,2018-08-01)","mature by horizon OR same common90 sample, explicitly separated",seller count; group n<10 not interpreted
each_horizon_mature,60,business_segment,pet,time_to_first_delivered_days,13,41.19074341168091,34.19184027777778,25.916504629629628,48.03768518518518,1.0,0.7692307692307693,False,"[2017-01-01,2018-08-01)","mature by horizon OR same common90 sample, explicitly separated",seller count; group n<10 not interpreted
each_horizon_mature,60,business_segment,phone_mobile,merchandise_cents,2,97140.0,97140.0,54810.0,139470.0,1.0,1.0,True,"[2017-01-01,2018-08-01)","mature by horizon OR same common90 sample, explicitly separated",seller count; group n<10 not interpreted
each_horizon_mature,60,business_segment,phone_mobile,orders,2,13.0,13.0,7.5,18.5,1.0,1.0,True,"[2017-01-01,2018-08-01)","mature by horizon OR same common90 sample, explicitly separated",seller count; group n<10 not interpreted
each_horizon_mature,60,business_segment,phone_mobile,items,2,13.5,13.5,7.75,19.25,1.0,1.0,True,"[2017-01-01,2018-08-01)","mature by horizon OR same common90 sample, explicitly separated",seller count; group n<10 not interpreted
each_horizon_mature,60,business_segment,phone_mobile,time_to_first_delivered_days,2,43.882592592592594,43.882592592592594,35.33552662037037,52.429658564814815,1.0,1.0,True,"[2017-01-01,2018-08-01)","mature by horizon OR same common90 sample, explicitly separated",seller count; group n<10 not interpreted
each_horizon_mature,60,business_segment,small_appliances,merchandise_cents,2,1234540.0,1234540.0,662265.0,1806815.0,1.0,0.5,True,"[2017-01-01,2018-08-01)","mature by horizon OR same common90 sample, explicitly separated",seller count; group n<10 not interpreted
each_horizon_mature,60,business_segment,small_appliances,orders,2,10.5,10.5,5.75,15.25,1.0,0.5,True,"[2017-01-01,2018-08-01)","mature by horizon OR same common90 sample, explicitly separated",seller count; group n<10 not interpreted
each_horizon_mature,60,business_segment,small_appliances,items,2,10.5,10.5,5.75,15.25,1.0,0.5,True,"[2017-01-01,2018-08-01)","mature by horizon OR same common90 sample, explicitly separated",seller count; group n<10 not interpreted
each_horizon_mature,60,business_segment,small_appliances,time_to_first_delivered_days,2,54.42306134259259,54.42306134259259,35.12008391203704,73.72603877314815,1.0,0.5,True,"[2017-01-01,2018-08-01)","mature by horizon OR same common90 sample, explicitly separated",seller count; group n<10 not interpreted
each_horizon_mature,60,business_segment,sports_leisure,merchandise_cents,10,59731.6,32175.0,22479.25,59409.25,1.0,0.4,False,"[2017-01-01,2018-08-01)","mature by horizon OR same common90 sample, explicitly separated",seller count; group n<10 not interpreted
each_horizon_mature,60,business_segment,sports_leisure,orders,10,7.0,4.0,1.0,8.5,1.0,0.4,False,"[2017-01-01,2018-08-01)","mature by horizon OR same common90 sample, explicitly separated",seller count; group n<10 not interpreted
each_horizon_mature,60,business_segment,sports_leisure,items,10,7.7,4.5,1.0,8.75,1.0,0.4,False,"[2017-01-01,2018-08-01)","mature by horizon OR same common90 sample, explicitly separated",seller count; group n<10 not interpreted
each_horizon_mature,60,business_segment,sports_leisure,time_to_first_delivered_days,10,25.953978009259252,18.260671296296294,16.00183159722222,31.963116319444442,1.0,0.4,False,"[2017-01-01,2018-08-01)","mature by horizon OR same common90 sample, explicitly separated",seller count; group n<10 not interpreted
each_horizon_mature,60,business_segment,stationery,merchandise_cents,4,42881.0,19372.0,10883.0,51370.0,1.0,0.25,True,"[2017-01-01,2018-08-01)","mature by horizon OR same common90 sample, explicitly separated",seller count; group n<10 not interpreted
each_horizon_mature,60,business_segment,stationery,orders,4,2.25,2.5,1.75,3.0,1.0,0.25,True,"[2017-01-01,2018-08-01)","mature by horizon OR same common90 sample, explicitly separated",seller count; group n<10 not interpreted
each_horizon_mature,60,business_segment,stationery,items,4,2.25,2.5,1.75,3.0,1.0,0.25,True,"[2017-01-01,2018-08-01)","mature by horizon OR same common90 sample, explicitly separated",seller count; group n<10 not interpreted
each_horizon_mature,60,business_segment,stationery,time_to_first_delivered_days,4,19.78966435185185,19.97433449074074,11.057074652777779,28.706924189814814,1.0,0.25,True,"[2017-01-01,2018-08-01)","mature by horizon OR same common90 sample, explicitly separated",seller count; group n<10 not interpreted
each_horizon_mature,60,business_segment,toys,merchandise_cents,7,33535.142857142855,39800.0,7744.5,54613.5,1.0,0.42857142857142855,True,"[2017-01-01,2018-08-01)","mature by horizon OR same common90 sample, explicitly separated",seller count; group n<10 not interpreted
each_horizon_mature,60,business_segment,toys,orders,7,5.857142857142857,2.0,1.0,8.0,1.0,0.42857142857142855,True,"[2017-01-01,2018-08-01)","mature by horizon OR same common90 sample, explicitly separated",seller count; group n<10 not interpreted
each_horizon_mature,60,business_segment,toys,items,7,6.142857142857143,2.0,1.0,8.5,1.0,0.42857142857142855,True,"[2017-01-01,2018-08-01)","mature by horizon OR same common90 sample, explicitly separated",seller count; group n<10 not interpreted
each_horizon_mature,60,business_segment,toys,time_to_first_delivered_days,7,25.466205357142854,18.87130787037037,13.924421296296297,34.16979166666667,1.0,0.42857142857142855,True,"[2017-01-01,2018-08-01)","mature by horizon OR same common90 sample, explicitly separated",seller count; group n<10 not interpreted
each_horizon_mature,60,business_segment,watches,merchandise_cents,1,4402981.0,4402981.0,4402981.0,4402981.0,1.0,1.0,True,"[2017-01-01,2018-08-01)","mature by horizon OR same common90 sample, explicitly separated",seller count; group n<10 not interpreted
each_horizon_mature,60,business_segment,watches,orders,1,152.0,152.0,152.0,152.0,1.0,1.0,True,"[2017-01-01,2018-08-01)","mature by horizon OR same common90 sample, explicitly separated",seller count; group n<10 not interpreted
each_horizon_mature,60,business_segment,watches,items,1,152.0,152.0,152.0,152.0,1.0,1.0,True,"[2017-01-01,2018-08-01)","mature by horizon OR same common90 sample, explicitly separated",seller count; group n<10 not interpreted
each_horizon_mature,60,business_segment,watches,time_to_first_delivered_days,1,6.160763888888889,6.160763888888889,6.160763888888889,6.160763888888889,1.0,1.0,True,"[2017-01-01,2018-08-01)","mature by horizon OR same common90 sample, explicitly separated",seller count; group n<10 not interpreted
each_horizon_mature,90,business_segment,audio_video_electronics,merchandise_cents,9,163117.11111111112,86640.0,49194.0,128200.0,1.0,0.7777777777777778,True,"[2017-01-01,2018-08-01)","mature by horizon OR same common90 sample, explicitly separated",seller count; group n<10 not interpreted
each_horizon_mature,90,business_segment,audio_video_electronics,orders,9,10.444444444444445,6.0,2.0,14.0,1.0,0.7777777777777778,True,"[2017-01-01,2018-08-01)","mature by horizon OR same common90 sample, explicitly separated",seller count; group n<10 not interpreted
each_horizon_mature,90,business_segment,audio_video_electronics,items,9,10.555555555555555,6.0,2.0,14.0,1.0,0.7777777777777778,True,"[2017-01-01,2018-08-01)","mature by horizon OR same common90 sample, explicitly separated",seller count; group n<10 not interpreted
each_horizon_mature,90,business_segment,audio_video_electronics,time_to_first_delivered_days,9,29.30798739711934,25.894768518518518,17.737418981481483,28.865659722222222,1.0,0.7777777777777778,True,"[2017-01-01,2018-08-01)","mature by horizon OR same common90 sample, explicitly separated",seller count; group n<10 not interpreted
each_horizon_mature,90,business_segment,baby,merchandise_cents,3,351526.0,57450.0,45046.5,510967.5,1.0,0.6666666666666666,True,"[2017-01-01,2018-08-01)","mature by horizon OR same common90 sample, explicitly separated",seller count; group n<10 not interpreted
each_horizon_mature,90,business_segment,baby,orders,3,5.333333333333333,5.0,4.0,6.5,1.0,0.6666666666666666,True,"[2017-01-01,2018-08-01)","mature by horizon OR same common90 sample, explicitly separated",seller count; group n<10 not interpreted
each_horizon_mature,90,business_segment,baby,items,3,5.333333333333333,5.0,4.0,6.5,1.0,0.6666666666666666,True,"[2017-01-01,2018-08-01)","mature by horizon OR same common90 sample, explicitly separated",seller count; group n<10 not interpreted
each_horizon_mature,90,business_segment,baby,time_to_first_delivered_days,3,29.92278935185185,38.92574074074074,22.82686342592593,41.520190972222224,1.0,0.6666666666666666,True,"[2017-01-01,2018-08-01)","mature by horizon OR same common90 sample, explicitly separated",seller count; group n<10 not interpreted
each_horizon_mature,90,business_segment,bags_backpacks,merchandise_cents,6,104690.5,76105.0,21989.25,180815.0,1.0,0.5,True,"[2017-01-01,2018-08-01)","mature by horizon OR same common90 sample, explicitly separated",seller count; group n<10 not interpreted
each_horizon_mature,90,business_segment,bags_backpacks,orders,6,9.5,7.0,3.25,15.25,1.0,0.5,True,"[2017-01-01,2018-08-01)","mature by horizon OR same common90 sample, explicitly separated",seller count; group n<10 not interpreted
each_horizon_mature,90,business_segment,bags_backpacks,items,6,9.833333333333334,7.5,3.25,15.5,1.0,0.5,True,"[2017-01-01,2018-08-01)","mature by horizon OR same common90 sample, explicitly separated",seller count; group n<10 not interpreted
each_horizon_mature,90,business_segment,bags_backpacks,time_to_first_delivered_days,6,35.03608796296297,23.066302083333333,20.45908275462963,27.462800925925926,1.0,0.5,True,"[2017-01-01,2018-08-01)","mature by horizon OR same common90 sample, explicitly separated",seller count; group n<10 not interpreted
each_horizon_mature,90,business_segment,bed_bath_table,merchandise_cents,6,124246.33333333333,82020.0,34325.0,113528.5,1.0,0.6666666666666666,True,"[2017-01-01,2018-08-01)","mature by horizon OR same common90 sample, explicitly separated",seller count; group n<10 not interpreted
each_horizon_mature,90,business_segment,bed_bath_table,orders,6,12.166666666666666,3.5,3.0,7.75,1.0,0.6666666666666666,True,"[2017-01-01,2018-08-01)","mature by horizon OR same common90 sample, explicitly separated",seller count; group n<10 not interpreted
each_horizon_mature,90,business_segment,bed_bath_table,items,6,14.166666666666666,4.5,3.25,8.75,1.0,0.6666666666666666,True,"[2017-01-01,2018-08-01)","mature by horizon OR same common90 sample, explicitly separated",seller count; group n<10 not interpreted
each_horizon_mature,90,business_segment,bed_bath_table,time_to_first_delivered_days,6,29.929693287037036,20.709872685185186,14.732743055555556,35.232445023148145,1.0,0.6666666666666666,True,"[2017-01-01,2018-08-01)","mature by horizon OR same common90 sample, explicitly separated",seller count; group n<10 not interpreted
each_horizon_mature,90,business_segment,books,merchandise_cents,2,256704.0,256704.0,130092.0,383316.0,1.0,0.5,True,"[2017-01-01,2018-08-01)","mature by horizon OR same common90 sample, explicitly separated",seller count; group n<10 not interpreted
each_horizon_mature,90,business_segment,books,orders,2,37.0,37.0,19.5,54.5,1.0,0.5,True,"[2017-01-01,2018-08-01)","mature by horizon OR same common90 sample, explicitly separated",seller count; group n<10 not interpreted
each_horizon_mature,90,business_segment,books,items,2,37.5,37.5,19.75,55.25,1.0,0.5,True,"[2017-01-01,2018-08-01)","mature by horizon OR same common90 sample, explicitly separated",seller count; group n<10 not interpreted
each_horizon_mature,90,business_segment,books,time_to_first_delivered_days,2,27.057378472222222,27.057378472222222,16.905737847222223,37.209019097222225,1.0,0.5,True,"[2017-01-01,2018-08-01)","mature by horizon OR same common90 sample, explicitly separated",seller count; group n<10 not interpreted
each_horizon_mature,90,business_segment,car_accessories,merchandise_cents,6,148175.0,134870.0,76560.0,235765.0,1.0,0.6666666666666666,True,"[2017-01-01,2018-08-01)","mature by horizon OR same common90 sample, explicitly separated",seller count; group n<10 not interpreted
each_horizon_mature,90,business_segment,car_accessories,orders,6,6.333333333333333,5.5,2.0,10.5,1.0,0.6666666666666666,True,"[2017-01-01,2018-08-01)","mature by horizon OR same common90 sample, explicitly separated",seller count; group n<10 not interpreted
each_horizon_mature,90,business_segment,car_accessories,items,6,6.666666666666667,6.5,2.0,11.0,1.0,0.6666666666666666,True,"[2017-01-01,2018-08-01)","mature by horizon OR same common90 sample, explicitly separated",seller count; group n<10 not interpreted
each_horizon_mature,90,business_segment,car_accessories,time_to_first_delivered_days,6,50.85734760802469,51.28150462962963,28.36901909722222,75.65801793981481,1.0,0.6666666666666666,True,"[2017-01-01,2018-08-01)","mature by horizon OR same common90 sample, explicitly separated",seller count; group n<10 not interpreted
each_horizon_mature,90,business_segment,computers,merchandise_cents,3,49366.666666666664,20700.0,17850.0,66550.0,1.0,0.6666666666666666,True,"[2017-01-01,2018-08-01)","mature by horizon OR same common90 sample, explicitly separated",seller count; group n<10 not interpreted
each_horizon_mature,90,business_segment,computers,orders,3,5.0,4.0,2.5,7.0,1.0,0.6666666666666666,True,"[2017-01-01,2018-08-01)","mature by horizon OR same common90 sample, explicitly separated",seller count; group n<10 not interpreted
each_horizon_mature,90,business_segment,computers,items,3,5.666666666666667,6.0,3.5,8.0,1.0,0.6666666666666666,True,"[2017-01-01,2018-08-01)","mature by horizon OR same common90 sample, explicitly separated",seller count; group n<10 not interpreted
each_horizon_mature,90,business_segment,computers,time_to_first_delivered_days,3,38.96445601851852,33.13064814814815,23.445266203703703,51.56674189814815,1.0,0.6666666666666666,True,"[2017-01-01,2018-08-01)","mature by horizon OR same common90 sample, explicitly separated",seller count; group n<10 not interpreted
each_horizon_mature,90,business_segment,construction_tools_house_garden,merchandise_cents,11,119944.54545454546,108900.0,70973.0,130500.0,1.0,0.9090909090909091,False,"[2017-01-01,2018-08-01)","mature by horizon OR same common90 sample, explicitly separated",seller count; group n<10 not interpreted
each_horizon_mature,90,business_segment,construction_tools_house_garden,orders,11,8.818181818181818,9.0,4.5,12.5,1.0,0.9090909090909091,False,"[2017-01-01,2018-08-01)","mature by horizon OR same common90 sample, explicitly separated",seller count; group n<10 not interpreted
each_horizon_mature,90,business_segment,construction_tools_house_garden,items,11,10.818181818181818,11.0,4.5,15.0,1.0,0.9090909090909091,False,"[2017-01-01,2018-08-01)","mature by horizon OR same common90 sample, explicitly separated",seller count; group n<10 not interpreted
each_horizon_mature,90,business_segment,construction_tools_house_garden,time_to_first_delivered_days,11,25.697208543771044,20.84582175925926,11.79738425925926,33.88824652777778,1.0,0.9090909090909091,False,"[2017-01-01,2018-08-01)","mature by horizon OR same common90 sample, explicitly separated",seller count; group n<10 not interpreted
each_horizon_mature,90,business_segment,fashion_accessories,merchandise_cents,1,10480.0,10480.0,10480.0,10480.0,1.0,0.0,True,"[2017-01-01,2018-08-01)","mature by horizon OR same common90 sample, explicitly separated",seller count; group n<10 not interpreted
each_horizon_mature,90,business_segment,fashion_accessories,orders,1,2.0,2.0,2.0,2.0,1.0,0.0,True,"[2017-01-01,2018-08-01)","mature by horizon OR same common90 sample, explicitly separated",seller count; group n<10 not interpreted
each_horizon_mature,90,business_segment,fashion_accessories,items,1,2.0,2.0,2.0,2.0,1.0,0.0,True,"[2017-01-01,2018-08-01)","mature by horizon OR same common90 sample, explicitly separated",seller count; group n<10 not interpreted
each_horizon_mature,90,business_segment,fashion_accessories,time_to_first_delivered_days,1,81.63010416666667,81.63010416666667,81.63010416666667,81.63010416666667,1.0,0.0,True,"[2017-01-01,2018-08-01)","mature by horizon OR same common90 sample, explicitly separated",seller count; group n<10 not interpreted
each_horizon_mature,90,business_segment,food_drink,merchandise_cents,3,18730.0,10830.0,8205.0,25305.0,1.0,0.3333333333333333,True,"[2017-01-01,2018-08-01)","mature by horizon OR same common90 sample, explicitly separated",seller count; group n<10 not interpreted
each_horizon_mature,90,business_segment,food_drink,orders,3,3.3333333333333335,2.0,1.5,4.5,1.0,0.3333333333333333,True,"[2017-01-01,2018-08-01)","mature by horizon OR same common90 sample, explicitly separated",seller count; group n<10 not interpreted
each_horizon_mature,90,business_segment,food_drink,items,3,5.0,6.0,4.0,6.5,1.0,0.3333333333333333,True,"[2017-01-01,2018-08-01)","mature by horizon OR same common90 sample, explicitly separated",seller count; group n<10 not interpreted
each_horizon_mature,90,business_segment,food_drink,time_to_first_delivered_days,3,67.89944830246914,65.97697916666667,59.669079861111115,75.16858217592593,1.0,0.3333333333333333,True,"[2017-01-01,2018-08-01)","mature by horizon OR same common90 sample, explicitly separated",seller count; group n<10 not interpreted
each_horizon_mature,90,business_segment,food_supplement,merchandise_cents,3,216849.66666666666,200919.0,131409.5,294324.5,1.0,1.0,True,"[2017-01-01,2018-08-01)","mature by horizon OR same common90 sample, explicitly separated",seller count; group n<10 not interpreted
each_horizon_mature,90,business_segment,food_supplement,orders,3,17.666666666666668,12.0,10.5,22.0,1.0,1.0,True,"[2017-01-01,2018-08-01)","mature by horizon OR same common90 sample, explicitly separated",seller count; group n<10 not interpreted
each_horizon_mature,90,business_segment,food_supplement,items,3,21.333333333333332,13.0,13.0,25.5,1.0,1.0,True,"[2017-01-01,2018-08-01)","mature by horizon OR same common90 sample, explicitly separated",seller count; group n<10 not interpreted
each_horizon_mature,90,business_segment,food_supplement,time_to_first_delivered_days,3,21.94258101851852,10.94636574074074,10.891099537037036,27.49595486111111,1.0,1.0,True,"[2017-01-01,2018-08-01)","mature by horizon OR same common90 sample, explicitly separated",seller count; group n<10 not interpreted
each_horizon_mature,90,business_segment,gifts,merchandise_cents,1,18900.0,18900.0,18900.0,18900.0,1.0,0.0,True,"[2017-01-01,2018-08-01)","mature by horizon OR same common90 sample, explicitly separated",seller count; group n<10 not interpreted
each_horizon_mature,90,business_segment,gifts,orders,1,1.0,1.0,1.0,1.0,1.0,0.0,True,"[2017-01-01,2018-08-01)","mature by horizon OR same common90 sample, explicitly separated",seller count; group n<10 not interpreted
each_horizon_mature,90,business_segment,gifts,items,1,1.0,1.0,1.0,1.0,1.0,0.0,True,"[2017-01-01,2018-08-01)","mature by horizon OR same common90 sample, explicitly separated",seller count; group n<10 not interpreted
each_horizon_mature,90,business_segment,gifts,time_to_first_delivered_days,1,31.068090277777777,31.068090277777777,31.068090277777777,31.068090277777777,1.0,0.0,True,"[2017-01-01,2018-08-01)","mature by horizon OR same common90 sample, explicitly separated",seller count; group n<10 not interpreted
each_horizon_mature,90,business_segment,health_beauty,merchandise_cents,15,258143.6,62526.0,11770.0,152900.0,1.0,0.5333333333333333,False,"[2017-01-01,2018-08-01)","mature by horizon OR same common90 sample, explicitly separated",seller count; group n<10 not interpreted
each_horizon_mature,90,business_segment,health_beauty,orders,15,17.466666666666665,6.0,3.0,12.5,1.0,0.5333333333333333,False,"[2017-01-01,2018-08-01)","mature by horizon OR same common90 sample, explicitly separated",seller count; group n<10 not interpreted
each_horizon_mature,90,business_segment,health_beauty,items,15,21.666666666666668,8.0,4.0,13.5,1.0,0.5333333333333333,False,"[2017-01-01,2018-08-01)","mature by horizon OR same common90 sample, explicitly separated",seller count; group n<10 not interpreted
each_horizon_mature,90,business_segment,health_beauty,time_to_first_delivered_days,15,41.598736882716054,27.931284722222223,18.195983796296296,70.83182291666665,1.0,0.5333333333333333,False,"[2017-01-01,2018-08-01)","mature by horizon OR same common90 sample, explicitly separated",seller count; group n<10 not interpreted
each_horizon_mature,90,business_segment,home_appliances,merchandise_cents,1,145095.0,145095.0,145095.0,145095.0,1.0,0.0,True,"[2017-01-01,2018-08-01)","mature by horizon OR same common90 sample, explicitly separated",seller count; group n<10 not interpreted
each_horizon_mature,90,business_segment,home_appliances,orders,1,7.0,7.0,7.0,7.0,1.0,0.0,True,"[2017-01-01,2018-08-01)","mature by horizon OR same common90 sample, explicitly separated",seller count; group n<10 not interpreted
each_horizon_mature,90,business_segment,home_appliances,items,1,8.0,8.0,8.0,8.0,1.0,0.0,True,"[2017-01-01,2018-08-01)","mature by horizon OR same common90 sample, explicitly separated",seller count; group n<10 not interpreted
each_horizon_mature,90,business_segment,home_appliances,time_to_first_delivered_days,1,39.80773148148148,39.80773148148148,39.80773148148148,39.80773148148148,1.0,0.0,True,"[2017-01-01,2018-08-01)","mature by horizon OR same common90 sample, explicitly separated",seller count; group n<10 not interpreted
each_horizon_mature,90,business_segment,home_decor,merchandise_cents,12,93890.91666666667,40330.0,22488.25,99729.25,1.0,0.5,False,"[2017-01-01,2018-08-01)","mature by horizon OR same common90 sample, explicitly separated",seller count; group n<10 not interpreted
each_horizon_mature,90,business_segment,home_decor,orders,12,9.333333333333334,3.0,2.75,7.5,1.0,0.5,False,"[2017-01-01,2018-08-01)","mature by horizon OR same common90 sample, explicitly separated",seller count; group n<10 not interpreted
each_horizon_mature,90,business_segment,home_decor,items,12,12.333333333333334,4.5,2.75,14.0,1.0,0.5,False,"[2017-01-01,2018-08-01)","mature by horizon OR same common90 sample, explicitly separated",seller count; group n<10 not interpreted
each_horizon_mature,90,business_segment,home_decor,time_to_first_delivered_days,12,35.689935378086425,37.47793402777778,17.001218171296298,42.41846643518519,1.0,0.5,False,"[2017-01-01,2018-08-01)","mature by horizon OR same common90 sample, explicitly separated",seller count; group n<10 not interpreted
each_horizon_mature,90,business_segment,home_office_furniture,merchandise_cents,1,201400.0,201400.0,201400.0,201400.0,1.0,1.0,True,"[2017-01-01,2018-08-01)","mature by horizon OR same common90 sample, explicitly separated",seller count; group n<10 not interpreted
each_horizon_mature,90,business_segment,home_office_furniture,orders,1,13.0,13.0,13.0,13.0,1.0,1.0,True,"[2017-01-01,2018-08-01)","mature by horizon OR same common90 sample, explicitly separated",seller count; group n<10 not interpreted
each_horizon_mature,90,business_segment,home_office_furniture,items,1,13.0,13.0,13.0,13.0,1.0,1.0,True,"[2017-01-01,2018-08-01)","mature by horizon OR same common90 sample, explicitly separated",seller count; group n<10 not interpreted
each_horizon_mature,90,business_segment,home_office_furniture,time_to_first_delivered_days,1,63.71925925925926,63.71925925925926,63.71925925925926,63.71925925925926,1.0,1.0,True,"[2017-01-01,2018-08-01)","mature by horizon OR same common90 sample, explicitly separated",seller count; group n<10 not interpreted
each_horizon_mature,90,business_segment,household_utilities,merchandise_cents,14,113629.85714285714,60369.5,31105.0,184273.25,1.0,0.7857142857142857,False,"[2017-01-01,2018-08-01)","mature by horizon OR same common90 sample, explicitly separated",seller count; group n<10 not interpreted
each_horizon_mature,90,business_segment,household_utilities,orders,14,12.785714285714286,11.5,6.0,17.25,1.0,0.7857142857142857,False,"[2017-01-01,2018-08-01)","mature by horizon OR same common90 sample, explicitly separated",seller count; group n<10 not interpreted
each_horizon_mature,90,business_segment,household_utilities,items,14,14.642857142857142,11.5,7.25,22.5,1.0,0.7857142857142857,False,"[2017-01-01,2018-08-01)","mature by horizon OR same common90 sample, explicitly separated",seller count; group n<10 not interpreted
each_horizon_mature,90,business_segment,household_utilities,time_to_first_delivered_days,14,30.794309689153437,25.176006944444445,18.229123263888887,34.056299189814816,1.0,0.7857142857142857,False,"[2017-01-01,2018-08-01)","mature by horizon OR same common90 sample, explicitly separated",seller count; group n<10 not interpreted
each_horizon_mature,90,business_segment,music_instruments,merchandise_cents,2,185607.0,185607.0,175285.5,195928.5,1.0,1.0,True,"[2017-01-01,2018-08-01)","mature by horizon OR same common90 sample, explicitly separated",seller count; group n<10 not interpreted
each_horizon_mature,90,business_segment,music_instruments,orders,2,8.0,8.0,7.5,8.5,1.0,1.0,True,"[2017-01-01,2018-08-01)","mature by horizon OR same common90 sample, explicitly separated",seller count; group n<10 not interpreted
each_horizon_mature,90,business_segment,music_instruments,items,2,8.0,8.0,7.5,8.5,1.0,1.0,True,"[2017-01-01,2018-08-01)","mature by horizon OR same common90 sample, explicitly separated",seller count; group n<10 not interpreted
each_horizon_mature,90,business_segment,music_instruments,time_to_first_delivered_days,2,29.380850694444444,29.380850694444444,21.123214699074076,37.63848668981481,1.0,1.0,True,"[2017-01-01,2018-08-01)","mature by horizon OR same common90 sample, explicitly separated",seller count; group n<10 not interpreted
each_horizon_mature,90,business_segment,pet,merchandise_cents,9,127005.33333333333,72955.0,56970.0,89935.0,1.0,0.6666666666666666,True,"[2017-01-01,2018-08-01)","mature by horizon OR same common90 sample, explicitly separated",seller count; group n<10 not interpreted
each_horizon_mature,90,business_segment,pet,orders,9,10.555555555555555,5.0,2.0,11.0,1.0,0.6666666666666666,True,"[2017-01-01,2018-08-01)","mature by horizon OR same common90 sample, explicitly separated",seller count; group n<10 not interpreted
each_horizon_mature,90,business_segment,pet,items,9,12.0,5.0,3.0,12.0,1.0,0.6666666666666666,True,"[2017-01-01,2018-08-01)","mature by horizon OR same common90 sample, explicitly separated",seller count; group n<10 not interpreted
each_horizon_mature,90,business_segment,pet,time_to_first_delivered_days,9,39.30185956790123,38.799502314814816,28.73929398148148,48.03768518518518,1.0,0.6666666666666666,True,"[2017-01-01,2018-08-01)","mature by horizon OR same common90 sample, explicitly separated",seller count; group n<10 not interpreted
each_horizon_mature,90,business_segment,phone_mobile,merchandise_cents,2,100235.0,100235.0,57352.5,143117.5,1.0,1.0,True,"[2017-01-01,2018-08-01)","mature by horizon OR same common90 sample, explicitly separated",seller count; group n<10 not interpreted
each_horizon_mature,90,business_segment,phone_mobile,orders,2,14.0,14.0,8.5,19.5,1.0,1.0,True,"[2017-01-01,2018-08-01)","mature by horizon OR same common90 sample, explicitly separated",seller count; group n<10 not interpreted
each_horizon_mature,90,business_segment,phone_mobile,items,2,14.5,14.5,8.75,20.25,1.0,1.0,True,"[2017-01-01,2018-08-01)","mature by horizon OR same common90 sample, explicitly separated",seller count; group n<10 not interpreted
each_horizon_mature,90,business_segment,phone_mobile,time_to_first_delivered_days,2,43.882592592592594,43.882592592592594,35.33552662037037,52.429658564814815,1.0,1.0,True,"[2017-01-01,2018-08-01)","mature by horizon OR same common90 sample, explicitly separated",seller count; group n<10 not interpreted
each_horizon_mature,90,business_segment,small_appliances,merchandise_cents,1,3883750.0,3883750.0,3883750.0,3883750.0,1.0,1.0,True,"[2017-01-01,2018-08-01)","mature by horizon OR same common90 sample, explicitly separated",seller count; group n<10 not interpreted
each_horizon_mature,90,business_segment,small_appliances,orders,1,33.0,33.0,33.0,33.0,1.0,1.0,True,"[2017-01-01,2018-08-01)","mature by horizon OR same common90 sample, explicitly separated",seller count; group n<10 not interpreted
each_horizon_mature,90,business_segment,small_appliances,items,1,33.0,33.0,33.0,33.0,1.0,1.0,True,"[2017-01-01,2018-08-01)","mature by horizon OR same common90 sample, explicitly separated",seller count; group n<10 not interpreted
each_horizon_mature,90,business_segment,small_appliances,time_to_first_delivered_days,1,15.817106481481481,15.817106481481481,15.817106481481481,15.817106481481481,1.0,1.0,True,"[2017-01-01,2018-08-01)","mature by horizon OR same common90 sample, explicitly separated",seller count; group n<10 not interpreted
each_horizon_mature,90,business_segment,sports_leisure,merchandise_cents,4,163941.25,159917.5,31388.75,292470.0,1.0,0.75,True,"[2017-01-01,2018-08-01)","mature by horizon OR same common90 sample, explicitly separated",seller count; group n<10 not interpreted
each_horizon_mature,90,business_segment,sports_leisure,orders,4,18.0,15.5,5.5,28.0,1.0,0.75,True,"[2017-01-01,2018-08-01)","mature by horizon OR same common90 sample, explicitly separated",seller count; group n<10 not interpreted
each_horizon_mature,90,business_segment,sports_leisure,items,4,19.0,15.5,5.5,29.0,1.0,0.75,True,"[2017-01-01,2018-08-01)","mature by horizon OR same common90 sample, explicitly separated",seller count; group n<10 not interpreted
each_horizon_mature,90,business_segment,sports_leisure,time_to_first_delivered_days,4,12.225283564814816,11.614097222222222,7.2145428240740745,16.624837962962964,1.0,0.75,True,"[2017-01-01,2018-08-01)","mature by horizon OR same common90 sample, explicitly separated",seller count; group n<10 not interpreted
each_horizon_mature,90,business_segment,stationery,merchandise_cents,3,85024.0,45920.0,32376.0,118120.0,1.0,1.0,True,"[2017-01-01,2018-08-01)","mature by horizon OR same common90 sample, explicitly separated",seller count; group n<10 not interpreted
each_horizon_mature,90,business_segment,stationery,orders,3,4.666666666666667,5.0,4.0,5.5,1.0,1.0,True,"[2017-01-01,2018-08-01)","mature by horizon OR same common90 sample, explicitly separated",seller count; group n<10 not interpreted
each_horizon_mature,90,business_segment,stationery,items,3,4.666666666666667,5.0,4.0,5.5,1.0,1.0,True,"[2017-01-01,2018-08-01)","mature by horizon OR same common90 sample, explicitly separated",seller count; group n<10 not interpreted
each_horizon_mature,90,business_segment,stationery,time_to_first_delivered_days,3,14.703445216049383,13.355543981481482,8.758605324074075,19.97433449074074,1.0,1.0,True,"[2017-01-01,2018-08-01)","mature by horizon OR same common90 sample, explicitly separated",seller count; group n<10 not interpreted
each_horizon_mature,90,business_segment,toys,merchandise_cents,5,42191.8,39800.0,8990.0,66490.0,1.0,0.4,True,"[2017-01-01,2018-08-01)","mature by horizon OR same common90 sample, explicitly separated",seller count; group n<10 not interpreted
each_horizon_mature,90,business_segment,toys,orders,5,8.4,2.0,1.0,9.0,1.0,0.4,True,"[2017-01-01,2018-08-01)","mature by horizon OR same common90 sample, explicitly separated",seller count; group n<10 not interpreted
each_horizon_mature,90,business_segment,toys,items,5,9.4,2.0,1.0,10.0,1.0,0.4,True,"[2017-01-01,2018-08-01)","mature by horizon OR same common90 sample, explicitly separated",seller count; group n<10 not interpreted
each_horizon_mature,90,business_segment,toys,time_to_first_delivered_days,5,23.529717592592593,18.87130787037037,12.420902777777778,23.152673611111112,1.0,0.4,True,"[2017-01-01,2018-08-01)","mature by horizon OR same common90 sample, explicitly separated",seller count; group n<10 not interpreted
each_horizon_mature,90,business_segment,watches,merchandise_cents,1,8305972.0,8305972.0,8305972.0,8305972.0,1.0,1.0,True,"[2017-01-01,2018-08-01)","mature by horizon OR same common90 sample, explicitly separated",seller count; group n<10 not interpreted
each_horizon_mature,90,business_segment,watches,orders,1,420.0,420.0,420.0,420.0,1.0,1.0,True,"[2017-01-01,2018-08-01)","mature by horizon OR same common90 sample, explicitly separated",seller count; group n<10 not interpreted
each_horizon_mature,90,business_segment,watches,items,1,433.0,433.0,433.0,433.0,1.0,1.0,True,"[2017-01-01,2018-08-01)","mature by horizon OR same common90 sample, explicitly separated",seller count; group n<10 not interpreted
each_horizon_mature,90,business_segment,watches,time_to_first_delivered_days,1,6.160763888888889,6.160763888888889,6.160763888888889,6.160763888888889,1.0,1.0,True,"[2017-01-01,2018-08-01)","mature by horizon OR same common90 sample, explicitly separated",seller count; group n<10 not interpreted
common90,30,all,All,merchandise_cents,124,84468.21774193548,32935.0,14975.0,66612.5,1.0,1.0,False,"[2017-01-01,2018-08-01)","mature by horizon OR same common90 sample, explicitly separated",seller count; group n<10 not interpreted
common90,30,all,All,orders,124,5.306451612903226,3.0,1.0,6.0,1.0,1.0,False,"[2017-01-01,2018-08-01)","mature by horizon OR same common90 sample, explicitly separated",seller count; group n<10 not interpreted
common90,30,all,All,items,124,6.040322580645161,3.0,1.0,6.25,1.0,1.0,False,"[2017-01-01,2018-08-01)","mature by horizon OR same common90 sample, explicitly separated",seller count; group n<10 not interpreted
common90,30,all,All,time_to_first_delivered_days,124,33.904595840800475,26.690792824074073,14.790882523148149,46.262256944444445,1.0,1.0,False,"[2017-01-01,2018-08-01)","mature by horizon OR same common90 sample, explicitly separated",seller count; group n<10 not interpreted
common90,60,all,All,merchandise_cents,124,156550.2983870968,56935.0,19125.0,131100.0,1.0,0.6854838709677419,False,"[2017-01-01,2018-08-01)","mature by horizon OR same common90 sample, explicitly separated",seller count; group n<10 not interpreted
common90,60,all,All,orders,124,9.330645161290322,4.0,2.0,9.25,1.0,0.6854838709677419,False,"[2017-01-01,2018-08-01)","mature by horizon OR same common90 sample, explicitly separated",seller count; group n<10 not interpreted
common90,60,all,All,items,124,10.443548387096774,5.0,2.0,11.0,1.0,0.6854838709677419,False,"[2017-01-01,2018-08-01)","mature by horizon OR same common90 sample, explicitly separated",seller count; group n<10 not interpreted
common90,60,all,All,time_to_first_delivered_days,124,33.904595840800475,26.690792824074073,14.790882523148149,46.262256944444445,1.0,0.6854838709677419,False,"[2017-01-01,2018-08-01)","mature by horizon OR same common90 sample, explicitly separated",seller count; group n<10 not interpreted
common90,90,all,All,merchandise_cents,124,237618.7741935484,69464.5,23776.25,170223.0,1.0,0.6693548387096774,False,"[2017-01-01,2018-08-01)","mature by horizon OR same common90 sample, explicitly separated",seller count; group n<10 not interpreted
common90,90,all,All,orders,124,14.701612903225806,6.0,3.0,13.0,1.0,0.6693548387096774,False,"[2017-01-01,2018-08-01)","mature by horizon OR same common90 sample, explicitly separated",seller count; group n<10 not interpreted
common90,90,all,All,items,124,16.475806451612904,7.0,3.0,14.25,1.0,0.6693548387096774,False,"[2017-01-01,2018-08-01)","mature by horizon OR same common90 sample, explicitly separated",seller count; group n<10 not interpreted
common90,90,all,All,time_to_first_delivered_days,124,33.904595840800475,26.690792824074073,14.790882523148149,46.262256944444445,1.0,0.6693548387096774,False,"[2017-01-01,2018-08-01)","mature by horizon OR same common90 sample, explicitly separated",seller count; group n<10 not interpreted
common90,30,origin,direct_traffic,merchandise_cents,10,36469.1,32325.0,5992.25,63477.5,1.0,1.0,False,"[2017-01-01,2018-08-01)","mature by horizon OR same common90 sample, explicitly separated",seller count; group n<10 not interpreted
common90,30,origin,direct_traffic,orders,10,2.3,2.0,1.0,3.0,1.0,1.0,False,"[2017-01-01,2018-08-01)","mature by horizon OR same common90 sample, explicitly separated",seller count; group n<10 not interpreted
common90,30,origin,direct_traffic,items,10,2.5,2.0,1.25,3.0,1.0,1.0,False,"[2017-01-01,2018-08-01)","mature by horizon OR same common90 sample, explicitly separated",seller count; group n<10 not interpreted
common90,30,origin,direct_traffic,time_to_first_delivered_days,10,36.16351851851852,23.31589699074074,15.522531828703704,59.24918113425926,1.0,1.0,False,"[2017-01-01,2018-08-01)","mature by horizon OR same common90 sample, explicitly separated",seller count; group n<10 not interpreted
common90,30,origin,display,merchandise_cents,1,27300.0,27300.0,27300.0,27300.0,1.0,1.0,True,"[2017-01-01,2018-08-01)","mature by horizon OR same common90 sample, explicitly separated",seller count; group n<10 not interpreted
common90,30,origin,display,orders,1,2.0,2.0,2.0,2.0,1.0,1.0,True,"[2017-01-01,2018-08-01)","mature by horizon OR same common90 sample, explicitly separated",seller count; group n<10 not interpreted
common90,30,origin,display,items,1,2.0,2.0,2.0,2.0,1.0,1.0,True,"[2017-01-01,2018-08-01)","mature by horizon OR same common90 sample, explicitly separated",seller count; group n<10 not interpreted
common90,30,origin,display,time_to_first_delivered_days,1,59.82408564814815,59.82408564814815,59.82408564814815,59.82408564814815,1.0,1.0,True,"[2017-01-01,2018-08-01)","mature by horizon OR same common90 sample, explicitly separated",seller count; group n<10 not interpreted
common90,30,origin,email,merchandise_cents,2,9770.0,9770.0,7255.0,12285.0,1.0,1.0,True,"[2017-01-01,2018-08-01)","mature by horizon OR same common90 sample, explicitly separated",seller count; group n<10 not interpreted
common90,30,origin,email,orders,2,3.5,3.5,2.25,4.75,1.0,1.0,True,"[2017-01-01,2018-08-01)","mature by horizon OR same common90 sample, explicitly separated",seller count; group n<10 not interpreted
common90,30,origin,email,items,2,4.5,4.5,2.75,6.25,1.0,1.0,True,"[2017-01-01,2018-08-01)","mature by horizon OR same common90 sample, explicitly separated",seller count; group n<10 not interpreted
common90,30,origin,email,time_to_first_delivered_days,2,22.705300925925926,22.705300925925926,14.658200231481484,30.75240162037037,1.0,1.0,True,"[2017-01-01,2018-08-01)","mature by horizon OR same common90 sample, explicitly separated",seller count; group n<10 not interpreted
common90,30,origin,organic_search,merchandise_cents,33,77512.69696969698,45460.0,19295.0,62600.0,1.0,1.0,False,"[2017-01-01,2018-08-01)","mature by horizon OR same common90 sample, explicitly separated",seller count; group n<10 not interpreted
common90,30,origin,organic_search,orders,33,4.7272727272727275,3.0,1.0,5.0,1.0,1.0,False,"[2017-01-01,2018-08-01)","mature by horizon OR same common90 sample, explicitly separated",seller count; group n<10 not interpreted
common90,30,origin,organic_search,items,33,5.2727272727272725,4.0,1.0,7.0,1.0,1.0,False,"[2017-01-01,2018-08-01)","mature by horizon OR same common90 sample, explicitly separated",seller count; group n<10 not interpreted
common90,30,origin,organic_search,time_to_first_delivered_days,33,34.32456264029181,23.733078703703704,15.817106481481481,45.275555555555556,1.0,1.0,False,"[2017-01-01,2018-08-01)","mature by horizon OR same common90 sample, explicitly separated",seller count; group n<10 not interpreted
common90,30,origin,paid_search,merchandise_cents,38,71455.73684210527,35090.0,15099.25,83483.5,1.0,1.0,False,"[2017-01-01,2018-08-01)","mature by horizon OR same common90 sample, explicitly separated",seller count; group n<10 not interpreted
common90,30,origin,paid_search,orders,38,6.157894736842105,2.5,1.0,6.0,1.0,1.0,False,"[2017-01-01,2018-08-01)","mature by horizon OR same common90 sample, explicitly separated",seller count; group n<10 not interpreted
common90,30,origin,paid_search,items,38,7.315789473684211,3.5,1.0,6.75,1.0,1.0,False,"[2017-01-01,2018-08-01)","mature by horizon OR same common90 sample, explicitly separated",seller count; group n<10 not interpreted
common90,30,origin,paid_search,time_to_first_delivered_days,38,34.149002497563345,28.629681712962963,15.070164930555556,47.868428819444446,1.0,1.0,False,"[2017-01-01,2018-08-01)","mature by horizon OR same common90 sample, explicitly separated",seller count; group n<10 not interpreted
common90,30,origin,referral,merchandise_cents,2,36965.0,36965.0,23727.5,50202.5,1.0,1.0,True,"[2017-01-01,2018-08-01)","mature by horizon OR same common90 sample, explicitly separated",seller count; group n<10 not interpreted
common90,30,origin,referral,orders,2,1.0,1.0,1.0,1.0,1.0,1.0,True,"[2017-01-01,2018-08-01)","mature by horizon OR same common90 sample, explicitly separated",seller count; group n<10 not interpreted
common90,30,origin,referral,items,2,1.0,1.0,1.0,1.0,1.0,1.0,True,"[2017-01-01,2018-08-01)","mature by horizon OR same common90 sample, explicitly separated",seller count; group n<10 not interpreted
common90,30,origin,referral,time_to_first_delivered_days,2,32.56919560185185,32.56919560185185,18.36543113425926,46.772960069444444,1.0,1.0,True,"[2017-01-01,2018-08-01)","mature by horizon OR same common90 sample, explicitly separated",seller count; group n<10 not interpreted
common90,30,origin,social,merchandise_cents,9,51293.22222222222,24095.0,12544.0,39780.0,1.0,1.0,True,"[2017-01-01,2018-08-01)","mature by horizon OR same common90 sample, explicitly separated",seller count; group n<10 not interpreted
common90,30,origin,social,orders,9,5.111111111111111,3.0,1.0,5.0,1.0,1.0,True,"[2017-01-01,2018-08-01)","mature by horizon OR same common90 sample, explicitly separated",seller count; group n<10 not interpreted
common90,30,origin,social,items,9,5.777777777777778,3.0,1.0,6.0,1.0,1.0,True,"[2017-01-01,2018-08-01)","mature by horizon OR same common90 sample, explicitly separated",seller count; group n<10 not interpreted
common90,30,origin,social,time_to_first_delivered_days,9,38.54006944444445,31.58329861111111,25.916504629629628,53.361180555555556,1.0,1.0,True,"[2017-01-01,2018-08-01)","mature by horizon OR same common90 sample, explicitly separated",seller count; group n<10 not interpreted
common90,30,origin,unknown,merchandise_cents,29,146680.06896551725,32760.0,17397.0,75280.0,1.0,1.0,False,"[2017-01-01,2018-08-01)","mature by horizon OR same common90 sample, explicitly separated",seller count; group n<10 not interpreted
common90,30,origin,unknown,orders,29,6.482758620689655,4.0,2.0,6.0,1.0,1.0,False,"[2017-01-01,2018-08-01)","mature by horizon OR same common90 sample, explicitly separated",seller count; group n<10 not interpreted
common90,30,origin,unknown,items,29,7.137931034482759,4.0,2.0,7.0,1.0,1.0,False,"[2017-01-01,2018-08-01)","mature by horizon OR same common90 sample, explicitly separated",seller count; group n<10 not interpreted
common90,30,origin,unknown,time_to_first_delivered_days,29,30.859597701149422,24.251712962962962,14.051168981481482,35.697546296296295,1.0,1.0,False,"[2017-01-01,2018-08-01)","mature by horizon OR same common90 sample, explicitly separated",seller count; group n<10 not interpreted
common90,60,origin,direct_traffic,merchandise_cents,10,71325.9,56690.0,9104.5,82743.0,1.0,0.6,False,"[2017-01-01,2018-08-01)","mature by horizon OR same common90 sample, explicitly separated",seller count; group n<10 not interpreted
common90,60,origin,direct_traffic,orders,10,4.4,3.5,1.5,6.25,1.0,0.6,False,"[2017-01-01,2018-08-01)","mature by horizon OR same common90 sample, explicitly separated",seller count; group n<10 not interpreted
common90,60,origin,direct_traffic,items,10,4.6,4.0,2.25,6.25,1.0,0.6,False,"[2017-01-01,2018-08-01)","mature by horizon OR same common90 sample, explicitly separated",seller count; group n<10 not interpreted
common90,60,origin,direct_traffic,time_to_first_delivered_days,10,36.16351851851852,23.31589699074074,15.522531828703704,59.24918113425926,1.0,0.6,False,"[2017-01-01,2018-08-01)","mature by horizon OR same common90 sample, explicitly separated",seller count; group n<10 not interpreted
common90,60,origin,display,merchandise_cents,1,40700.0,40700.0,40700.0,40700.0,1.0,1.0,True,"[2017-01-01,2018-08-01)","mature by horizon OR same common90 sample, explicitly separated",seller count; group n<10 not interpreted
common90,60,origin,display,orders,1,3.0,3.0,3.0,3.0,1.0,1.0,True,"[2017-01-01,2018-08-01)","mature by horizon OR same common90 sample, explicitly separated",seller count; group n<10 not interpreted
common90,60,origin,display,items,1,3.0,3.0,3.0,3.0,1.0,1.0,True,"[2017-01-01,2018-08-01)","mature by horizon OR same common90 sample, explicitly separated",seller count; group n<10 not interpreted
common90,60,origin,display,time_to_first_delivered_days,1,59.82408564814815,59.82408564814815,59.82408564814815,59.82408564814815,1.0,1.0,True,"[2017-01-01,2018-08-01)","mature by horizon OR same common90 sample, explicitly separated",seller count; group n<10 not interpreted
common90,60,origin,email,merchandise_cents,2,9770.0,9770.0,7255.0,12285.0,1.0,0.0,True,"[2017-01-01,2018-08-01)","mature by horizon OR same common90 sample, explicitly separated",seller count; group n<10 not interpreted
common90,60,origin,email,orders,2,3.5,3.5,2.25,4.75,1.0,0.0,True,"[2017-01-01,2018-08-01)","mature by horizon OR same common90 sample, explicitly separated",seller count; group n<10 not interpreted
common90,60,origin,email,items,2,4.5,4.5,2.75,6.25,1.0,0.0,True,"[2017-01-01,2018-08-01)","mature by horizon OR same common90 sample, explicitly separated",seller count; group n<10 not interpreted
common90,60,origin,email,time_to_first_delivered_days,2,22.705300925925926,22.705300925925926,14.658200231481484,30.75240162037037,1.0,0.0,True,"[2017-01-01,2018-08-01)","mature by horizon OR same common90 sample, explicitly separated",seller count; group n<10 not interpreted
common90,60,origin,organic_search,merchandise_cents,33,160330.39393939395,74760.0,23487.0,145095.0,1.0,0.6666666666666666,False,"[2017-01-01,2018-08-01)","mature by horizon OR same common90 sample, explicitly separated",seller count; group n<10 not interpreted
common90,60,origin,organic_search,orders,33,8.909090909090908,7.0,2.0,11.0,1.0,0.6666666666666666,False,"[2017-01-01,2018-08-01)","mature by horizon OR same common90 sample, explicitly separated",seller count; group n<10 not interpreted
common90,60,origin,organic_search,items,33,10.06060606060606,7.0,2.0,12.0,1.0,0.6666666666666666,False,"[2017-01-01,2018-08-01)","mature by horizon OR same common90 sample, explicitly separated",seller count; group n<10 not interpreted
common90,60,origin,organic_search,time_to_first_delivered_days,33,34.32456264029181,23.733078703703704,15.817106481481481,45.275555555555556,1.0,0.6666666666666666,False,"[2017-01-01,2018-08-01)","mature by horizon OR same common90 sample, explicitly separated",seller count; group n<10 not interpreted
common90,60,origin,paid_search,merchandise_cents,38,126233.57894736843,62235.0,19399.75,142050.0,1.0,0.7368421052631579,False,"[2017-01-01,2018-08-01)","mature by horizon OR same common90 sample, explicitly separated",seller count; group n<10 not interpreted
common90,60,origin,paid_search,orders,38,10.605263157894736,4.0,2.0,9.75,1.0,0.7368421052631579,False,"[2017-01-01,2018-08-01)","mature by horizon OR same common90 sample, explicitly separated",seller count; group n<10 not interpreted
common90,60,origin,paid_search,items,38,12.236842105263158,4.0,3.0,10.75,1.0,0.7368421052631579,False,"[2017-01-01,2018-08-01)","mature by horizon OR same common90 sample, explicitly separated",seller count; group n<10 not interpreted
common90,60,origin,paid_search,time_to_first_delivered_days,38,34.149002497563345,28.629681712962963,15.070164930555556,47.868428819444446,1.0,0.7368421052631579,False,"[2017-01-01,2018-08-01)","mature by horizon OR same common90 sample, explicitly separated",seller count; group n<10 not interpreted
common90,60,origin,referral,merchandise_cents,2,69680.0,69680.0,41080.0,98280.0,1.0,1.0,True,"[2017-01-01,2018-08-01)","mature by horizon OR same common90 sample, explicitly separated",seller count; group n<10 not interpreted
common90,60,origin,referral,orders,2,2.0,2.0,2.0,2.0,1.0,1.0,True,"[2017-01-01,2018-08-01)","mature by horizon OR same common90 sample, explicitly separated",seller count; group n<10 not interpreted
common90,60,origin,referral,items,2,2.0,2.0,2.0,2.0,1.0,1.0,True,"[2017-01-01,2018-08-01)","mature by horizon OR same common90 sample, explicitly separated",seller count; group n<10 not interpreted
common90,60,origin,referral,time_to_first_delivered_days,2,32.56919560185185,32.56919560185185,18.36543113425926,46.772960069444444,1.0,1.0,True,"[2017-01-01,2018-08-01)","mature by horizon OR same common90 sample, explicitly separated",seller count; group n<10 not interpreted
common90,60,origin,social,merchandise_cents,9,73065.0,32093.0,12544.0,39780.0,1.0,0.6666666666666666,True,"[2017-01-01,2018-08-01)","mature by horizon OR same common90 sample, explicitly separated",seller count; group n<10 not interpreted
common90,60,origin,social,orders,9,7.111111111111111,3.0,2.0,7.0,1.0,0.6666666666666666,True,"[2017-01-01,2018-08-01)","mature by horizon OR same common90 sample, explicitly separated",seller count; group n<10 not interpreted
common90,60,origin,social,items,9,8.11111111111111,4.0,2.0,7.0,1.0,0.6666666666666666,True,"[2017-01-01,2018-08-01)","mature by horizon OR same common90 sample, explicitly separated",seller count; group n<10 not interpreted
common90,60,origin,social,time_to_first_delivered_days,9,38.54006944444445,31.58329861111111,25.916504629629628,53.361180555555556,1.0,0.6666666666666666,True,"[2017-01-01,2018-08-01)","mature by horizon OR same common90 sample, explicitly separated",seller count; group n<10 not interpreted
common90,60,origin,unknown,merchandise_cents,29,267379.7931034483,56900.0,20990.0,129000.0,1.0,0.6896551724137931,False,"[2017-01-01,2018-08-01)","mature by horizon OR same common90 sample, explicitly separated",seller count; group n<10 not interpreted
common90,60,origin,unknown,orders,29,11.655172413793103,6.0,3.0,10.0,1.0,0.6896551724137931,False,"[2017-01-01,2018-08-01)","mature by horizon OR same common90 sample, explicitly separated",seller count; group n<10 not interpreted
common90,60,origin,unknown,items,29,12.517241379310345,6.0,3.0,10.0,1.0,0.6896551724137931,False,"[2017-01-01,2018-08-01)","mature by horizon OR same common90 sample, explicitly separated",seller count; group n<10 not interpreted
common90,60,origin,unknown,time_to_first_delivered_days,29,30.859597701149422,24.251712962962962,14.051168981481482,35.697546296296295,1.0,0.6896551724137931,False,"[2017-01-01,2018-08-01)","mature by horizon OR same common90 sample, explicitly separated",seller count; group n<10 not interpreted
common90,90,origin,direct_traffic,merchandise_cents,10,102462.0,72641.0,21152.25,104638.75,1.0,0.7,False,"[2017-01-01,2018-08-01)","mature by horizon OR same common90 sample, explicitly separated",seller count; group n<10 not interpreted
common90,90,origin,direct_traffic,orders,10,5.9,4.0,2.25,8.5,1.0,0.7,False,"[2017-01-01,2018-08-01)","mature by horizon OR same common90 sample, explicitly separated",seller count; group n<10 not interpreted
common90,90,origin,direct_traffic,items,10,6.3,4.5,3.0,9.25,1.0,0.7,False,"[2017-01-01,2018-08-01)","mature by horizon OR same common90 sample, explicitly separated",seller count; group n<10 not interpreted
common90,90,origin,direct_traffic,time_to_first_delivered_days,10,36.16351851851852,23.31589699074074,15.522531828703704,59.24918113425926,1.0,0.7,False,"[2017-01-01,2018-08-01)","mature by horizon OR same common90 sample, explicitly separated",seller count; group n<10 not interpreted
common90,90,origin,display,merchandise_cents,1,66700.0,66700.0,66700.0,66700.0,1.0,1.0,True,"[2017-01-01,2018-08-01)","mature by horizon OR same common90 sample, explicitly separated",seller count; group n<10 not interpreted
common90,90,origin,display,orders,1,5.0,5.0,5.0,5.0,1.0,1.0,True,"[2017-01-01,2018-08-01)","mature by horizon OR same common90 sample, explicitly separated",seller count; group n<10 not interpreted
common90,90,origin,display,items,1,5.0,5.0,5.0,5.0,1.0,1.0,True,"[2017-01-01,2018-08-01)","mature by horizon OR same common90 sample, explicitly separated",seller count; group n<10 not interpreted
common90,90,origin,display,time_to_first_delivered_days,1,59.82408564814815,59.82408564814815,59.82408564814815,59.82408564814815,1.0,1.0,True,"[2017-01-01,2018-08-01)","mature by horizon OR same common90 sample, explicitly separated",seller count; group n<10 not interpreted
common90,90,origin,email,merchandise_cents,2,9770.0,9770.0,7255.0,12285.0,1.0,0.0,True,"[2017-01-01,2018-08-01)","mature by horizon OR same common90 sample, explicitly separated",seller count; group n<10 not interpreted
common90,90,origin,email,orders,2,3.5,3.5,2.25,4.75,1.0,0.0,True,"[2017-01-01,2018-08-01)","mature by horizon OR same common90 sample, explicitly separated",seller count; group n<10 not interpreted
common90,90,origin,email,items,2,4.5,4.5,2.75,6.25,1.0,0.0,True,"[2017-01-01,2018-08-01)","mature by horizon OR same common90 sample, explicitly separated",seller count; group n<10 not interpreted
common90,90,origin,email,time_to_first_delivered_days,2,22.705300925925926,22.705300925925926,14.658200231481484,30.75240162037037,1.0,0.0,True,"[2017-01-01,2018-08-01)","mature by horizon OR same common90 sample, explicitly separated",seller count; group n<10 not interpreted
common90,90,origin,organic_search,merchandise_cents,33,233492.57575757575,89180.0,35109.0,193681.0,1.0,0.6363636363636364,False,"[2017-01-01,2018-08-01)","mature by horizon OR same common90 sample, explicitly separated",seller count; group n<10 not interpreted
common90,90,origin,organic_search,orders,33,12.121212121212121,7.0,3.0,18.0,1.0,0.6363636363636364,False,"[2017-01-01,2018-08-01)","mature by horizon OR same common90 sample, explicitly separated",seller count; group n<10 not interpreted
common90,90,origin,organic_search,items,33,13.575757575757576,9.0,4.0,23.0,1.0,0.6363636363636364,False,"[2017-01-01,2018-08-01)","mature by horizon OR same common90 sample, explicitly separated",seller count; group n<10 not interpreted
common90,90,origin,organic_search,time_to_first_delivered_days,33,34.32456264029181,23.733078703703704,15.817106481481481,45.275555555555556,1.0,0.6363636363636364,False,"[2017-01-01,2018-08-01)","mature by horizon OR same common90 sample, explicitly separated",seller count; group n<10 not interpreted
common90,90,origin,paid_search,merchandise_cents,38,178028.42105263157,63963.0,24557.5,194235.0,1.0,0.631578947368421,False,"[2017-01-01,2018-08-01)","mature by horizon OR same common90 sample, explicitly separated",seller count; group n<10 not interpreted
common90,90,origin,paid_search,orders,38,14.736842105263158,5.5,3.0,13.0,1.0,0.631578947368421,False,"[2017-01-01,2018-08-01)","mature by horizon OR same common90 sample, explicitly separated",seller count; group n<10 not interpreted
common90,90,origin,paid_search,items,38,17.31578947368421,6.0,3.0,13.0,1.0,0.631578947368421,False,"[2017-01-01,2018-08-01)","mature by horizon OR same common90 sample, explicitly separated",seller count; group n<10 not interpreted
common90,90,origin,paid_search,time_to_first_delivered_days,38,34.149002497563345,28.629681712962963,15.070164930555556,47.868428819444446,1.0,0.631578947368421,False,"[2017-01-01,2018-08-01)","mature by horizon OR same common90 sample, explicitly separated",seller count; group n<10 not interpreted
common90,90,origin,referral,merchandise_cents,2,102395.0,102395.0,58432.5,146357.5,1.0,1.0,True,"[2017-01-01,2018-08-01)","mature by horizon OR same common90 sample, explicitly separated",seller count; group n<10 not interpreted
common90,90,origin,referral,orders,2,3.0,3.0,3.0,3.0,1.0,1.0,True,"[2017-01-01,2018-08-01)","mature by horizon OR same common90 sample, explicitly separated",seller count; group n<10 not interpreted
common90,90,origin,referral,items,2,3.0,3.0,3.0,3.0,1.0,1.0,True,"[2017-01-01,2018-08-01)","mature by horizon OR same common90 sample, explicitly separated",seller count; group n<10 not interpreted
common90,90,origin,referral,time_to_first_delivered_days,2,32.56919560185185,32.56919560185185,18.36543113425926,46.772960069444444,1.0,1.0,True,"[2017-01-01,2018-08-01)","mature by horizon OR same common90 sample, explicitly separated",seller count; group n<10 not interpreted
common90,90,origin,social,merchandise_cents,9,108075.55555555556,39780.0,18832.0,62567.0,1.0,0.6666666666666666,True,"[2017-01-01,2018-08-01)","mature by horizon OR same common90 sample, explicitly separated",seller count; group n<10 not interpreted
common90,90,origin,social,orders,9,11.11111111111111,5.0,2.0,20.0,1.0,0.6666666666666666,True,"[2017-01-01,2018-08-01)","mature by horizon OR same common90 sample, explicitly separated",seller count; group n<10 not interpreted
common90,90,origin,social,items,9,12.666666666666666,5.0,3.0,20.0,1.0,0.6666666666666666,True,"[2017-01-01,2018-08-01)","mature by horizon OR same common90 sample, explicitly separated",seller count; group n<10 not interpreted
common90,90,origin,social,time_to_first_delivered_days,9,38.54006944444445,31.58329861111111,25.916504629629628,53.361180555555556,1.0,0.6666666666666666,True,"[2017-01-01,2018-08-01)","mature by horizon OR same common90 sample, explicitly separated",seller count; group n<10 not interpreted
common90,90,origin,unknown,merchandise_cents,29,438140.1034482759,72955.0,36480.0,206250.0,1.0,0.7586206896551724,False,"[2017-01-01,2018-08-01)","mature by horizon OR same common90 sample, explicitly separated",seller count; group n<10 not interpreted
common90,90,origin,unknown,orders,29,23.655172413793103,9.0,4.0,13.0,1.0,0.7586206896551724,False,"[2017-01-01,2018-08-01)","mature by horizon OR same common90 sample, explicitly separated",seller count; group n<10 not interpreted
common90,90,origin,unknown,items,29,25.517241379310345,10.0,4.0,16.0,1.0,0.7586206896551724,False,"[2017-01-01,2018-08-01)","mature by horizon OR same common90 sample, explicitly separated",seller count; group n<10 not interpreted
common90,90,origin,unknown,time_to_first_delivered_days,29,30.859597701149422,24.251712962962962,14.051168981481482,35.697546296296295,1.0,0.7586206896551724,False,"[2017-01-01,2018-08-01)","mature by horizon OR same common90 sample, explicitly separated",seller count; group n<10 not interpreted
common90,30,lead_type,industry,merchandise_cents,16,36638.6875,17935.0,7747.5,32402.25,1.0,1.0,False,"[2017-01-01,2018-08-01)","mature by horizon OR same common90 sample, explicitly separated",seller count; group n<10 not interpreted
common90,30,lead_type,industry,orders,16,2.25,1.5,1.0,3.0,1.0,1.0,False,"[2017-01-01,2018-08-01)","mature by horizon OR same common90 sample, explicitly separated",seller count; group n<10 not interpreted
common90,30,lead_type,industry,items,16,3.1875,2.0,1.0,4.0,1.0,1.0,False,"[2017-01-01,2018-08-01)","mature by horizon OR same common90 sample, explicitly separated",seller count; group n<10 not interpreted
common90,30,lead_type,industry,time_to_first_delivered_days,16,48.132595486111114,46.65662037037037,14.50253761574074,73.90001157407407,1.0,1.0,False,"[2017-01-01,2018-08-01)","mature by horizon OR same common90 sample, explicitly separated",seller count; group n<10 not interpreted
common90,30,lead_type,offline,merchandise_cents,5,37738.0,36480.0,10490.0,56470.0,1.0,1.0,True,"[2017-01-01,2018-08-01)","mature by horizon OR same common90 sample, explicitly separated",seller count; group n<10 not interpreted
common90,30,lead_type,offline,orders,5,3.2,3.0,2.0,4.0,1.0,1.0,True,"[2017-01-01,2018-08-01)","mature by horizon OR same common90 sample, explicitly separated",seller count; group n<10 not interpreted
common90,30,lead_type,offline,items,5,3.2,3.0,2.0,4.0,1.0,1.0,True,"[2017-01-01,2018-08-01)","mature by horizon OR same common90 sample, explicitly separated",seller count; group n<10 not interpreted
common90,30,lead_type,offline,time_to_first_delivered_days,5,56.81768518518519,63.71925925925926,60.976724537037036,65.97697916666667,1.0,1.0,True,"[2017-01-01,2018-08-01)","mature by horizon OR same common90 sample, explicitly separated",seller count; group n<10 not interpreted
common90,30,lead_type,online_beginner,merchandise_cents,7,69074.14285714286,29997.0,18272.5,68043.5,1.0,1.0,True,"[2017-01-01,2018-08-01)","mature by horizon OR same common90 sample, explicitly separated",seller count; group n<10 not interpreted
common90,30,lead_type,online_beginner,orders,7,2.4285714285714284,3.0,1.0,3.0,1.0,1.0,True,"[2017-01-01,2018-08-01)","mature by horizon OR same common90 sample, explicitly separated",seller count; group n<10 not interpreted
common90,30,lead_type,online_beginner,items,7,3.0,3.0,2.0,4.0,1.0,1.0,True,"[2017-01-01,2018-08-01)","mature by horizon OR same common90 sample, explicitly separated",seller count; group n<10 not interpreted
common90,30,lead_type,online_beginner,time_to_first_delivered_days,7,35.87875165343915,31.58329861111111,16.873171296296295,48.26438078703704,1.0,1.0,True,"[2017-01-01,2018-08-01)","mature by horizon OR same common90 sample, explicitly separated",seller count; group n<10 not interpreted
common90,30,lead_type,online_big,merchandise_cents,26,180351.84615384616,61715.0,32917.5,133900.0,1.0,1.0,False,"[2017-01-01,2018-08-01)","mature by horizon OR same common90 sample, explicitly separated",seller count; group n<10 not interpreted
common90,30,lead_type,online_big,orders,26,9.653846153846153,5.5,2.0,7.0,1.0,1.0,False,"[2017-01-01,2018-08-01)","mature by horizon OR same common90 sample, explicitly separated",seller count; group n<10 not interpreted
common90,30,lead_type,online_big,items,26,10.346153846153847,5.5,2.0,10.5,1.0,1.0,False,"[2017-01-01,2018-08-01)","mature by horizon OR same common90 sample, explicitly separated",seller count; group n<10 not interpreted
common90,30,lead_type,online_big,time_to_first_delivered_days,26,26.485726050569802,17.938310185185188,9.046548032407408,28.54763310185185,1.0,1.0,False,"[2017-01-01,2018-08-01)","mature by horizon OR same common90 sample, explicitly separated",seller count; group n<10 not interpreted
common90,30,lead_type,online_medium,merchandise_cents,54,52166.87037037037,27310.0,15024.25,52321.5,1.0,1.0,False,"[2017-01-01,2018-08-01)","mature by horizon OR same common90 sample, explicitly separated",seller count; group n<10 not interpreted
common90,30,lead_type,online_medium,orders,54,4.907407407407407,3.0,1.0,5.75,1.0,1.0,False,"[2017-01-01,2018-08-01)","mature by horizon OR same common90 sample, explicitly separated",seller count; group n<10 not interpreted
common90,30,lead_type,online_medium,items,54,5.666666666666667,4.0,1.25,6.0,1.0,1.0,False,"[2017-01-01,2018-08-01)","mature by horizon OR same common90 sample, explicitly separated",seller count; group n<10 not interpreted
common90,30,lead_type,online_medium,time_to_first_delivered_days,54,30.620061085390947,25.905636574074073,17.889722222222222,38.783368055555556,1.0,1.0,False,"[2017-01-01,2018-08-01)","mature by horizon OR same common90 sample, explicitly separated",seller count; group n<10 not interpreted
common90,30,lead_type,online_small,merchandise_cents,12,63690.416666666664,29889.5,12560.0,60348.0,1.0,1.0,False,"[2017-01-01,2018-08-01)","mature by horizon OR same common90 sample, explicitly separated",seller count; group n<10 not interpreted
common90,30,lead_type,online_small,orders,12,4.916666666666667,2.5,1.0,5.5,1.0,1.0,False,"[2017-01-01,2018-08-01)","mature by horizon OR same common90 sample, explicitly separated",seller count; group n<10 not interpreted
common90,30,lead_type,online_small,items,12,6.0,4.0,1.0,6.5,1.0,1.0,False,"[2017-01-01,2018-08-01)","mature by horizon OR same common90 sample, explicitly separated",seller count; group n<10 not interpreted
common90,30,lead_type,online_small,time_to_first_delivered_days,12,32.3829793595679,31.331956018518518,13.824163773148147,46.42627604166667,1.0,1.0,False,"[2017-01-01,2018-08-01)","mature by horizon OR same common90 sample, explicitly separated",seller count; group n<10 not interpreted
common90,30,lead_type,online_top,merchandise_cents,2,15693.5,15693.5,14841.75,16545.25,1.0,1.0,True,"[2017-01-01,2018-08-01)","mature by horizon OR same common90 sample, explicitly separated",seller count; group n<10 not interpreted
common90,30,lead_type,online_top,orders,2,2.0,2.0,1.5,2.5,1.0,1.0,True,"[2017-01-01,2018-08-01)","mature by horizon OR same common90 sample, explicitly separated",seller count; group n<10 not interpreted
common90,30,lead_type,online_top,items,2,2.0,2.0,1.5,2.5,1.0,1.0,True,"[2017-01-01,2018-08-01)","mature by horizon OR same common90 sample, explicitly separated",seller count; group n<10 not interpreted
common90,30,lead_type,online_top,time_to_first_delivered_days,2,38.11396990740741,38.11396990740741,35.731504629629626,40.496435185185184,1.0,1.0,True,"[2017-01-01,2018-08-01)","mature by horizon OR same common90 sample, explicitly separated",seller count; group n<10 not interpreted
common90,30,lead_type,Missing,merchandise_cents,2,456900.0,456900.0,252150.0,661650.0,1.0,1.0,True,"[2017-01-01,2018-08-01)","mature by horizon OR same common90 sample, explicitly separated",seller count; group n<10 not interpreted
common90,30,lead_type,Missing,orders,2,5.0,5.0,4.0,6.0,1.0,1.0,True,"[2017-01-01,2018-08-01)","mature by horizon OR same common90 sample, explicitly separated",seller count; group n<10 not interpreted
common90,30,lead_type,Missing,items,2,5.0,5.0,4.0,6.0,1.0,1.0,True,"[2017-01-01,2018-08-01)","mature by horizon OR same common90 sample, explicitly separated",seller count; group n<10 not interpreted
common90,30,lead_type,Missing,time_to_first_delivered_days,2,45.936400462962965,45.936400462962965,30.87675347222222,60.9960474537037,1.0,1.0,True,"[2017-01-01,2018-08-01)","mature by horizon OR same common90 sample, explicitly separated",seller count; group n<10 not interpreted
common90,60,lead_type,industry,merchandise_cents,16,42639.9375,20975.0,10447.5,38500.0,1.0,0.4375,False,"[2017-01-01,2018-08-01)","mature by horizon OR same common90 sample, explicitly separated",seller count; group n<10 not interpreted
common90,60,lead_type,industry,orders,16,3.125,2.0,1.0,3.5,1.0,0.4375,False,"[2017-01-01,2018-08-01)","mature by horizon OR same common90 sample, explicitly separated",seller count; group n<10 not interpreted
common90,60,lead_type,industry,items,16,4.1875,2.5,1.75,4.75,1.0,0.4375,False,"[2017-01-01,2018-08-01)","mature by horizon OR same common90 sample, explicitly separated",seller count; group n<10 not interpreted
common90,60,lead_type,industry,time_to_first_delivered_days,16,48.132595486111114,46.65662037037037,14.50253761574074,73.90001157407407,1.0,0.4375,False,"[2017-01-01,2018-08-01)","mature by horizon OR same common90 sample, explicitly separated",seller count; group n<10 not interpreted
common90,60,lead_type,offline,merchandise_cents,5,43710.0,36480.0,12480.0,61970.0,1.0,0.8,True,"[2017-01-01,2018-08-01)","mature by horizon OR same common90 sample, explicitly separated",seller count; group n<10 not interpreted
common90,60,lead_type,offline,orders,5,4.2,4.0,3.0,5.0,1.0,0.8,True,"[2017-01-01,2018-08-01)","mature by horizon OR same common90 sample, explicitly separated",seller count; group n<10 not interpreted
common90,60,lead_type,offline,items,5,4.2,4.0,3.0,5.0,1.0,0.8,True,"[2017-01-01,2018-08-01)","mature by horizon OR same common90 sample, explicitly separated",seller count; group n<10 not interpreted
common90,60,lead_type,offline,time_to_first_delivered_days,5,56.81768518518519,63.71925925925926,60.976724537037036,65.97697916666667,1.0,0.8,True,"[2017-01-01,2018-08-01)","mature by horizon OR same common90 sample, explicitly separated",seller count; group n<10 not interpreted
common90,60,lead_type,online_beginner,merchandise_cents,7,108808.85714285714,84960.0,46343.0,151563.0,1.0,0.7142857142857143,True,"[2017-01-01,2018-08-01)","mature by horizon OR same common90 sample, explicitly separated",seller count; group n<10 not interpreted
common90,60,lead_type,online_beginner,orders,7,5.142857142857143,4.0,2.0,8.0,1.0,0.7142857142857143,True,"[2017-01-01,2018-08-01)","mature by horizon OR same common90 sample, explicitly separated",seller count; group n<10 not interpreted
common90,60,lead_type,online_beginner,items,7,6.428571428571429,8.0,2.5,9.5,1.0,0.7142857142857143,True,"[2017-01-01,2018-08-01)","mature by horizon OR same common90 sample, explicitly separated",seller count; group n<10 not interpreted
common90,60,lead_type,online_beginner,time_to_first_delivered_days,7,35.87875165343915,31.58329861111111,16.873171296296295,48.26438078703704,1.0,0.7142857142857143,True,"[2017-01-01,2018-08-01)","mature by horizon OR same common90 sample, explicitly separated",seller count; group n<10 not interpreted
common90,60,lead_type,online_big,merchandise_cents,26,345677.42307692306,138600.0,64600.75,271707.5,1.0,0.8461538461538461,False,"[2017-01-01,2018-08-01)","mature by horizon OR same common90 sample, explicitly separated",seller count; group n<10 not interpreted
common90,60,lead_type,online_big,orders,26,17.346153846153847,9.0,3.25,14.75,1.0,0.8461538461538461,False,"[2017-01-01,2018-08-01)","mature by horizon OR same common90 sample, explicitly separated",seller count; group n<10 not interpreted
common90,60,lead_type,online_big,items,26,18.5,9.0,3.25,17.75,1.0,0.8461538461538461,False,"[2017-01-01,2018-08-01)","mature by horizon OR same common90 sample, explicitly separated",seller count; group n<10 not interpreted
common90,60,lead_type,online_big,time_to_first_delivered_days,26,26.485726050569802,17.938310185185188,9.046548032407408,28.54763310185185,1.0,0.8461538461538461,False,"[2017-01-01,2018-08-01)","mature by horizon OR same common90 sample, explicitly separated",seller count; group n<10 not interpreted
common90,60,lead_type,online_medium,merchandise_cents,54,94804.03703703704,42880.0,18975.0,122705.0,1.0,0.6851851851851852,False,"[2017-01-01,2018-08-01)","mature by horizon OR same common90 sample, explicitly separated",seller count; group n<10 not interpreted
common90,60,lead_type,online_medium,orders,54,8.666666666666666,5.0,2.25,9.75,1.0,0.6851851851851852,False,"[2017-01-01,2018-08-01)","mature by horizon OR same common90 sample, explicitly separated",seller count; group n<10 not interpreted
common90,60,lead_type,online_medium,items,54,9.88888888888889,5.0,3.0,10.75,1.0,0.6851851851851852,False,"[2017-01-01,2018-08-01)","mature by horizon OR same common90 sample, explicitly separated",seller count; group n<10 not interpreted
common90,60,lead_type,online_medium,time_to_first_delivered_days,54,30.620061085390947,25.905636574074073,17.889722222222222,38.783368055555556,1.0,0.6851851851851852,False,"[2017-01-01,2018-08-01)","mature by horizon OR same common90 sample, explicitly separated",seller count; group n<10 not interpreted
common90,60,lead_type,online_small,merchandise_cents,12,97908.16666666667,51140.0,17918.75,79221.5,1.0,0.5833333333333334,False,"[2017-01-01,2018-08-01)","mature by horizon OR same common90 sample, explicitly separated",seller count; group n<10 not interpreted
common90,60,lead_type,online_small,orders,12,8.5,3.5,1.75,11.25,1.0,0.5833333333333334,False,"[2017-01-01,2018-08-01)","mature by horizon OR same common90 sample, explicitly separated",seller count; group n<10 not interpreted
common90,60,lead_type,online_small,items,12,9.833333333333334,5.5,1.75,12.0,1.0,0.5833333333333334,False,"[2017-01-01,2018-08-01)","mature by horizon OR same common90 sample, explicitly separated",seller count; group n<10 not interpreted
common90,60,lead_type,online_small,time_to_first_delivered_days,12,32.3829793595679,31.331956018518518,13.824163773148147,46.42627604166667,1.0,0.5833333333333334,False,"[2017-01-01,2018-08-01)","mature by horizon OR same common90 sample, explicitly separated",seller count; group n<10 not interpreted
common90,60,lead_type,online_top,merchandise_cents,2,17688.5,17688.5,15839.25,19537.75,1.0,0.5,True,"[2017-01-01,2018-08-01)","mature by horizon OR same common90 sample, explicitly separated",seller count; group n<10 not interpreted
common90,60,lead_type,online_top,orders,2,2.5,2.5,1.75,3.25,1.0,0.5,True,"[2017-01-01,2018-08-01)","mature by horizon OR same common90 sample, explicitly separated",seller count; group n<10 not interpreted
common90,60,lead_type,online_top,items,2,2.5,2.5,1.75,3.25,1.0,0.5,True,"[2017-01-01,2018-08-01)","mature by horizon OR same common90 sample, explicitly separated",seller count; group n<10 not interpreted
common90,60,lead_type,online_top,time_to_first_delivered_days,2,38.11396990740741,38.11396990740741,35.731504629629626,40.496435185185184,1.0,0.5,True,"[2017-01-01,2018-08-01)","mature by horizon OR same common90 sample, explicitly separated",seller count; group n<10 not interpreted
common90,60,lead_type,Missing,merchandise_cents,2,1216240.0,1216240.0,634815.0,1797665.0,1.0,1.0,True,"[2017-01-01,2018-08-01)","mature by horizon OR same common90 sample, explicitly separated",seller count; group n<10 not interpreted
common90,60,lead_type,Missing,orders,2,12.0,12.0,8.0,16.0,1.0,1.0,True,"[2017-01-01,2018-08-01)","mature by horizon OR same common90 sample, explicitly separated",seller count; group n<10 not interpreted
common90,60,lead_type,Missing,items,2,12.0,12.0,8.0,16.0,1.0,1.0,True,"[2017-01-01,2018-08-01)","mature by horizon OR same common90 sample, explicitly separated",seller count; group n<10 not interpreted
common90,60,lead_type,Missing,time_to_first_delivered_days,2,45.936400462962965,45.936400462962965,30.87675347222222,60.9960474537037,1.0,1.0,True,"[2017-01-01,2018-08-01)","mature by horizon OR same common90 sample, explicitly separated",seller count; group n<10 not interpreted
common90,90,lead_type,industry,merchandise_cents,16,55187.4375,22335.0,13870.0,63859.75,1.0,0.5,False,"[2017-01-01,2018-08-01)","mature by horizon OR same common90 sample, explicitly separated",seller count; group n<10 not interpreted
common90,90,lead_type,industry,orders,16,4.1875,2.5,1.0,6.0,1.0,0.5,False,"[2017-01-01,2018-08-01)","mature by horizon OR same common90 sample, explicitly separated",seller count; group n<10 not interpreted
common90,90,lead_type,industry,items,16,5.5,4.0,1.75,6.5,1.0,0.5,False,"[2017-01-01,2018-08-01)","mature by horizon OR same common90 sample, explicitly separated",seller count; group n<10 not interpreted
common90,90,lead_type,industry,time_to_first_delivered_days,16,48.132595486111114,46.65662037037037,14.50253761574074,73.90001157407407,1.0,0.5,False,"[2017-01-01,2018-08-01)","mature by horizon OR same common90 sample, explicitly separated",seller count; group n<10 not interpreted
common90,90,lead_type,offline,merchandise_cents,5,65030.0,36480.0,14470.0,61970.0,1.0,0.6,True,"[2017-01-01,2018-08-01)","mature by horizon OR same common90 sample, explicitly separated",seller count; group n<10 not interpreted
common90,90,lead_type,offline,orders,5,6.2,5.0,3.0,7.0,1.0,0.6,True,"[2017-01-01,2018-08-01)","mature by horizon OR same common90 sample, explicitly separated",seller count; group n<10 not interpreted
common90,90,lead_type,offline,items,5,6.2,5.0,3.0,7.0,1.0,0.6,True,"[2017-01-01,2018-08-01)","mature by horizon OR same common90 sample, explicitly separated",seller count; group n<10 not interpreted
common90,90,lead_type,offline,time_to_first_delivered_days,5,56.81768518518519,63.71925925925926,60.976724537037036,65.97697916666667,1.0,0.6,True,"[2017-01-01,2018-08-01)","mature by horizon OR same common90 sample, explicitly separated",seller count; group n<10 not interpreted
common90,90,lead_type,online_beginner,merchandise_cents,7,124461.71428571429,109540.0,48838.0,191563.0,1.0,0.42857142857142855,True,"[2017-01-01,2018-08-01)","mature by horizon OR same common90 sample, explicitly separated",seller count; group n<10 not interpreted
common90,90,lead_type,online_beginner,orders,7,6.285714285714286,5.0,2.0,8.5,1.0,0.42857142857142855,True,"[2017-01-01,2018-08-01)","mature by horizon OR same common90 sample, explicitly separated",seller count; group n<10 not interpreted
common90,90,lead_type,online_beginner,items,7,7.714285714285714,8.0,3.0,11.0,1.0,0.42857142857142855,True,"[2017-01-01,2018-08-01)","mature by horizon OR same common90 sample, explicitly separated",seller count; group n<10 not interpreted
common90,90,lead_type,online_beginner,time_to_first_delivered_days,7,35.87875165343915,31.58329861111111,16.873171296296295,48.26438078703704,1.0,0.42857142857142855,True,"[2017-01-01,2018-08-01)","mature by horizon OR same common90 sample, explicitly separated",seller count; group n<10 not interpreted
common90,90,lead_type,online_big,merchandise_cents,26,546974.3461538461,192000.5,89839.75,368752.5,1.0,0.8461538461538461,False,"[2017-01-01,2018-08-01)","mature by horizon OR same common90 sample, explicitly separated",seller count; group n<10 not interpreted
common90,90,lead_type,online_big,orders,26,30.96153846153846,12.0,5.0,17.5,1.0,0.8461538461538461,False,"[2017-01-01,2018-08-01)","mature by horizon OR same common90 sample, explicitly separated",seller count; group n<10 not interpreted
common90,90,lead_type,online_big,items,26,33.07692307692308,12.0,5.0,21.75,1.0,0.8461538461538461,False,"[2017-01-01,2018-08-01)","mature by horizon OR same common90 sample, explicitly separated",seller count; group n<10 not interpreted
common90,90,lead_type,online_big,time_to_first_delivered_days,26,26.485726050569802,17.938310185185188,9.046548032407408,28.54763310185185,1.0,0.8461538461538461,False,"[2017-01-01,2018-08-01)","mature by horizon OR same common90 sample, explicitly separated",seller count; group n<10 not interpreted
common90,90,lead_type,online_medium,merchandise_cents,54,139928.61111111112,65945.0,24296.25,142398.75,1.0,0.7037037037037037,False,"[2017-01-01,2018-08-01)","mature by horizon OR same common90 sample, explicitly separated",seller count; group n<10 not interpreted
common90,90,lead_type,online_medium,orders,54,12.722222222222221,7.0,3.0,13.0,1.0,0.7037037037037037,False,"[2017-01-01,2018-08-01)","mature by horizon OR same common90 sample, explicitly separated",seller count; group n<10 not interpreted
common90,90,lead_type,online_medium,items,54,14.722222222222221,7.5,4.0,14.0,1.0,0.7037037037037037,False,"[2017-01-01,2018-08-01)","mature by horizon OR same common90 sample, explicitly separated",seller count; group n<10 not interpreted
common90,90,lead_type,online_medium,time_to_first_delivered_days,54,30.620061085390947,25.905636574074073,17.889722222222222,38.783368055555556,1.0,0.7037037037037037,False,"[2017-01-01,2018-08-01)","mature by horizon OR same common90 sample, explicitly separated",seller count; group n<10 not interpreted
common90,90,lead_type,online_small,merchandise_cents,12,130665.33333333333,51153.0,24739.75,122573.5,1.0,0.5,False,"[2017-01-01,2018-08-01)","mature by horizon OR same common90 sample, explicitly separated",seller count; group n<10 not interpreted
common90,90,lead_type,online_small,orders,12,11.583333333333334,4.5,1.75,15.0,1.0,0.5,False,"[2017-01-01,2018-08-01)","mature by horizon OR same common90 sample, explicitly separated",seller count; group n<10 not interpreted
common90,90,lead_type,online_small,items,12,13.666666666666666,6.5,2.5,15.75,1.0,0.5,False,"[2017-01-01,2018-08-01)","mature by horizon OR same common90 sample, explicitly separated",seller count; group n<10 not interpreted
common90,90,lead_type,online_small,time_to_first_delivered_days,12,32.3829793595679,31.331956018518518,13.824163773148147,46.42627604166667,1.0,0.5,False,"[2017-01-01,2018-08-01)","mature by horizon OR same common90 sample, explicitly separated",seller count; group n<10 not interpreted
common90,90,lead_type,online_top,merchandise_cents,2,43472.5,43472.5,28731.25,58213.75,1.0,0.5,True,"[2017-01-01,2018-08-01)","mature by horizon OR same common90 sample, explicitly separated",seller count; group n<10 not interpreted
common90,90,lead_type,online_top,orders,2,6.0,6.0,3.5,8.5,1.0,0.5,True,"[2017-01-01,2018-08-01)","mature by horizon OR same common90 sample, explicitly separated",seller count; group n<10 not interpreted
common90,90,lead_type,online_top,items,2,6.5,6.5,3.75,9.25,1.0,0.5,True,"[2017-01-01,2018-08-01)","mature by horizon OR same common90 sample, explicitly separated",seller count; group n<10 not interpreted
common90,90,lead_type,online_top,time_to_first_delivered_days,2,38.11396990740741,38.11396990740741,35.731504629629626,40.496435185185184,1.0,0.5,True,"[2017-01-01,2018-08-01)","mature by horizon OR same common90 sample, explicitly separated",seller count; group n<10 not interpreted
common90,90,lead_type,Missing,merchandise_cents,2,1976470.0,1976470.0,1022830.0,2930110.0,1.0,1.0,True,"[2017-01-01,2018-08-01)","mature by horizon OR same common90 sample, explicitly separated",seller count; group n<10 not interpreted
common90,90,lead_type,Missing,orders,2,19.0,19.0,12.0,26.0,1.0,1.0,True,"[2017-01-01,2018-08-01)","mature by horizon OR same common90 sample, explicitly separated",seller count; group n<10 not interpreted
common90,90,lead_type,Missing,items,2,19.0,19.0,12.0,26.0,1.0,1.0,True,"[2017-01-01,2018-08-01)","mature by horizon OR same common90 sample, explicitly separated",seller count; group n<10 not interpreted
common90,90,lead_type,Missing,time_to_first_delivered_days,2,45.936400462962965,45.936400462962965,30.87675347222222,60.9960474537037,1.0,1.0,True,"[2017-01-01,2018-08-01)","mature by horizon OR same common90 sample, explicitly separated",seller count; group n<10 not interpreted
common90,30,business_segment,audio_video_electronics,merchandise_cents,9,86960.77777777778,35200.0,20990.0,56170.0,1.0,1.0,True,"[2017-01-01,2018-08-01)","mature by horizon OR same common90 sample, explicitly separated",seller count; group n<10 not interpreted
common90,30,business_segment,audio_video_electronics,orders,9,5.555555555555555,4.0,1.0,9.0,1.0,1.0,True,"[2017-01-01,2018-08-01)","mature by horizon OR same common90 sample, explicitly separated",seller count; group n<10 not interpreted
common90,30,business_segment,audio_video_electronics,items,9,5.666666666666667,4.0,1.0,10.0,1.0,1.0,True,"[2017-01-01,2018-08-01)","mature by horizon OR same common90 sample, explicitly separated",seller count; group n<10 not interpreted
common90,30,business_segment,audio_video_electronics,time_to_first_delivered_days,9,29.30798739711934,25.894768518518518,17.737418981481483,28.865659722222222,1.0,1.0,True,"[2017-01-01,2018-08-01)","mature by horizon OR same common90 sample, explicitly separated",seller count; group n<10 not interpreted
common90,30,business_segment,baby,merchandise_cents,3,202822.66666666666,32970.0,23934.0,296785.0,1.0,1.0,True,"[2017-01-01,2018-08-01)","mature by horizon OR same common90 sample, explicitly separated",seller count; group n<10 not interpreted
common90,30,business_segment,baby,orders,3,3.0,3.0,2.0,4.0,1.0,1.0,True,"[2017-01-01,2018-08-01)","mature by horizon OR same common90 sample, explicitly separated",seller count; group n<10 not interpreted
common90,30,business_segment,baby,items,3,3.0,3.0,2.0,4.0,1.0,1.0,True,"[2017-01-01,2018-08-01)","mature by horizon OR same common90 sample, explicitly separated",seller count; group n<10 not interpreted
common90,30,business_segment,baby,time_to_first_delivered_days,3,29.92278935185185,38.92574074074074,22.82686342592593,41.520190972222224,1.0,1.0,True,"[2017-01-01,2018-08-01)","mature by horizon OR same common90 sample, explicitly separated",seller count; group n<10 not interpreted
common90,30,business_segment,bags_backpacks,merchandise_cents,6,39316.0,25483.5,20241.75,63959.25,1.0,1.0,True,"[2017-01-01,2018-08-01)","mature by horizon OR same common90 sample, explicitly separated",seller count; group n<10 not interpreted
common90,30,business_segment,bags_backpacks,orders,6,4.166666666666667,3.0,1.5,6.0,1.0,1.0,True,"[2017-01-01,2018-08-01)","mature by horizon OR same common90 sample, explicitly separated",seller count; group n<10 not interpreted
common90,30,business_segment,bags_backpacks,items,6,4.333333333333333,3.0,1.5,6.75,1.0,1.0,True,"[2017-01-01,2018-08-01)","mature by horizon OR same common90 sample, explicitly separated",seller count; group n<10 not interpreted
common90,30,business_segment,bags_backpacks,time_to_first_delivered_days,6,35.03608796296297,23.066302083333333,20.45908275462963,27.462800925925926,1.0,1.0,True,"[2017-01-01,2018-08-01)","mature by horizon OR same common90 sample, explicitly separated",seller count; group n<10 not interpreted
common90,30,business_segment,bed_bath_table,merchandise_cents,6,55398.0,30790.0,17432.5,97043.5,1.0,1.0,True,"[2017-01-01,2018-08-01)","mature by horizon OR same common90 sample, explicitly separated",seller count; group n<10 not interpreted
common90,30,business_segment,bed_bath_table,orders,6,4.5,2.5,2.0,3.75,1.0,1.0,True,"[2017-01-01,2018-08-01)","mature by horizon OR same common90 sample, explicitly separated",seller count; group n<10 not interpreted
common90,30,business_segment,bed_bath_table,items,6,5.5,3.5,2.25,4.0,1.0,1.0,True,"[2017-01-01,2018-08-01)","mature by horizon OR same common90 sample, explicitly separated",seller count; group n<10 not interpreted
common90,30,business_segment,bed_bath_table,time_to_first_delivered_days,6,29.929693287037036,20.709872685185186,14.732743055555556,35.232445023148145,1.0,1.0,True,"[2017-01-01,2018-08-01)","mature by horizon OR same common90 sample, explicitly separated",seller count; group n<10 not interpreted
common90,30,business_segment,books,merchandise_cents,2,158107.0,158107.0,80048.5,236165.5,1.0,1.0,True,"[2017-01-01,2018-08-01)","mature by horizon OR same common90 sample, explicitly separated",seller count; group n<10 not interpreted
common90,30,business_segment,books,orders,2,23.5,23.5,12.25,34.75,1.0,1.0,True,"[2017-01-01,2018-08-01)","mature by horizon OR same common90 sample, explicitly separated",seller count; group n<10 not interpreted
common90,30,business_segment,books,items,2,24.0,24.0,12.5,35.5,1.0,1.0,True,"[2017-01-01,2018-08-01)","mature by horizon OR same common90 sample, explicitly separated",seller count; group n<10 not interpreted
common90,30,business_segment,books,time_to_first_delivered_days,2,27.057378472222222,27.057378472222222,16.905737847222223,37.209019097222225,1.0,1.0,True,"[2017-01-01,2018-08-01)","mature by horizon OR same common90 sample, explicitly separated",seller count; group n<10 not interpreted
common90,30,business_segment,car_accessories,merchandise_cents,6,95173.33333333333,68995.0,33125.0,106567.5,1.0,1.0,True,"[2017-01-01,2018-08-01)","mature by horizon OR same common90 sample, explicitly separated",seller count; group n<10 not interpreted
common90,30,business_segment,car_accessories,orders,6,3.3333333333333335,3.0,1.25,4.75,1.0,1.0,True,"[2017-01-01,2018-08-01)","mature by horizon OR same common90 sample, explicitly separated",seller count; group n<10 not interpreted
common90,30,business_segment,car_accessories,items,6,3.6666666666666665,3.0,1.25,6.25,1.0,1.0,True,"[2017-01-01,2018-08-01)","mature by horizon OR same common90 sample, explicitly separated",seller count; group n<10 not interpreted
common90,30,business_segment,car_accessories,time_to_first_delivered_days,6,50.85734760802469,51.28150462962963,28.36901909722222,75.65801793981481,1.0,1.0,True,"[2017-01-01,2018-08-01)","mature by horizon OR same common90 sample, explicitly separated",seller count; group n<10 not interpreted
common90,30,business_segment,computers,merchandise_cents,3,25666.666666666668,15000.0,10950.0,35050.0,1.0,1.0,True,"[2017-01-01,2018-08-01)","mature by horizon OR same common90 sample, explicitly separated",seller count; group n<10 not interpreted
common90,30,business_segment,computers,orders,3,2.6666666666666665,2.0,1.5,3.5,1.0,1.0,True,"[2017-01-01,2018-08-01)","mature by horizon OR same common90 sample, explicitly separated",seller count; group n<10 not interpreted
common90,30,business_segment,computers,items,3,2.6666666666666665,2.0,1.5,3.5,1.0,1.0,True,"[2017-01-01,2018-08-01)","mature by horizon OR same common90 sample, explicitly separated",seller count; group n<10 not interpreted
common90,30,business_segment,computers,time_to_first_delivered_days,3,38.96445601851852,33.13064814814815,23.445266203703703,51.56674189814815,1.0,1.0,True,"[2017-01-01,2018-08-01)","mature by horizon OR same common90 sample, explicitly separated",seller count; group n<10 not interpreted
common90,30,business_segment,construction_tools_house_garden,merchandise_cents,11,58475.0,32900.0,19842.5,49072.0,1.0,1.0,False,"[2017-01-01,2018-08-01)","mature by horizon OR same common90 sample, explicitly separated",seller count; group n<10 not interpreted
common90,30,business_segment,construction_tools_house_garden,orders,11,3.0,3.0,1.5,3.5,1.0,1.0,False,"[2017-01-01,2018-08-01)","mature by horizon OR same common90 sample, explicitly separated",seller count; group n<10 not interpreted
common90,30,business_segment,construction_tools_house_garden,items,11,3.909090909090909,3.0,1.5,4.0,1.0,1.0,False,"[2017-01-01,2018-08-01)","mature by horizon OR same common90 sample, explicitly separated",seller count; group n<10 not interpreted
common90,30,business_segment,construction_tools_house_garden,time_to_first_delivered_days,11,25.697208543771044,20.84582175925926,11.79738425925926,33.88824652777778,1.0,1.0,False,"[2017-01-01,2018-08-01)","mature by horizon OR same common90 sample, explicitly separated",seller count; group n<10 not interpreted
common90,30,business_segment,fashion_accessories,merchandise_cents,1,6990.0,6990.0,6990.0,6990.0,1.0,1.0,True,"[2017-01-01,2018-08-01)","mature by horizon OR same common90 sample, explicitly separated",seller count; group n<10 not interpreted
common90,30,business_segment,fashion_accessories,orders,1,1.0,1.0,1.0,1.0,1.0,1.0,True,"[2017-01-01,2018-08-01)","mature by horizon OR same common90 sample, explicitly separated",seller count; group n<10 not interpreted
common90,30,business_segment,fashion_accessories,items,1,1.0,1.0,1.0,1.0,1.0,1.0,True,"[2017-01-01,2018-08-01)","mature by horizon OR same common90 sample, explicitly separated",seller count; group n<10 not interpreted
common90,30,business_segment,fashion_accessories,time_to_first_delivered_days,1,81.63010416666667,81.63010416666667,81.63010416666667,81.63010416666667,1.0,1.0,True,"[2017-01-01,2018-08-01)","mature by horizon OR same common90 sample, explicitly separated",seller count; group n<10 not interpreted
common90,30,business_segment,food_drink,merchandise_cents,3,16113.333333333334,5580.0,4280.0,22680.0,1.0,1.0,True,"[2017-01-01,2018-08-01)","mature by horizon OR same common90 sample, explicitly separated",seller count; group n<10 not interpreted
common90,30,business_segment,food_drink,orders,3,1.6666666666666667,2.0,1.5,2.0,1.0,1.0,True,"[2017-01-01,2018-08-01)","mature by horizon OR same common90 sample, explicitly separated",seller count; group n<10 not interpreted
common90,30,business_segment,food_drink,items,3,3.3333333333333335,2.0,2.0,4.0,1.0,1.0,True,"[2017-01-01,2018-08-01)","mature by horizon OR same common90 sample, explicitly separated",seller count; group n<10 not interpreted
common90,30,business_segment,food_drink,time_to_first_delivered_days,3,67.89944830246914,65.97697916666667,59.669079861111115,75.16858217592593,1.0,1.0,True,"[2017-01-01,2018-08-01)","mature by horizon OR same common90 sample, explicitly separated",seller count; group n<10 not interpreted
common90,30,business_segment,food_supplement,merchandise_cents,3,87650.0,48180.0,31540.0,124025.0,1.0,1.0,True,"[2017-01-01,2018-08-01)","mature by horizon OR same common90 sample, explicitly separated",seller count; group n<10 not interpreted
common90,30,business_segment,food_supplement,orders,3,7.666666666666667,4.0,3.5,10.0,1.0,1.0,True,"[2017-01-01,2018-08-01)","mature by horizon OR same common90 sample, explicitly separated",seller count; group n<10 not interpreted
common90,30,business_segment,food_supplement,items,3,9.333333333333334,4.0,4.0,12.0,1.0,1.0,True,"[2017-01-01,2018-08-01)","mature by horizon OR same common90 sample, explicitly separated",seller count; group n<10 not interpreted
common90,30,business_segment,food_supplement,time_to_first_delivered_days,3,21.94258101851852,10.94636574074074,10.891099537037036,27.49595486111111,1.0,1.0,True,"[2017-01-01,2018-08-01)","mature by horizon OR same common90 sample, explicitly separated",seller count; group n<10 not interpreted
common90,30,business_segment,gifts,merchandise_cents,1,18900.0,18900.0,18900.0,18900.0,1.0,1.0,True,"[2017-01-01,2018-08-01)","mature by horizon OR same common90 sample, explicitly separated",seller count; group n<10 not interpreted
common90,30,business_segment,gifts,orders,1,1.0,1.0,1.0,1.0,1.0,1.0,True,"[2017-01-01,2018-08-01)","mature by horizon OR same common90 sample, explicitly separated",seller count; group n<10 not interpreted
common90,30,business_segment,gifts,items,1,1.0,1.0,1.0,1.0,1.0,1.0,True,"[2017-01-01,2018-08-01)","mature by horizon OR same common90 sample, explicitly separated",seller count; group n<10 not interpreted
common90,30,business_segment,gifts,time_to_first_delivered_days,1,31.068090277777777,31.068090277777777,31.068090277777777,31.068090277777777,1.0,1.0,True,"[2017-01-01,2018-08-01)","mature by horizon OR same common90 sample, explicitly separated",seller count; group n<10 not interpreted
common90,30,business_segment,health_beauty,merchandise_cents,15,79648.73333333334,29400.0,6445.0,72220.0,1.0,1.0,False,"[2017-01-01,2018-08-01)","mature by horizon OR same common90 sample, explicitly separated",seller count; group n<10 not interpreted
common90,30,business_segment,health_beauty,orders,15,6.0,3.0,1.0,6.0,1.0,1.0,False,"[2017-01-01,2018-08-01)","mature by horizon OR same common90 sample, explicitly separated",seller count; group n<10 not interpreted
common90,30,business_segment,health_beauty,items,15,7.533333333333333,3.0,1.0,6.0,1.0,1.0,False,"[2017-01-01,2018-08-01)","mature by horizon OR same common90 sample, explicitly separated",seller count; group n<10 not interpreted
common90,30,business_segment,health_beauty,time_to_first_delivered_days,15,41.598736882716054,27.931284722222223,18.195983796296296,70.83182291666665,1.0,1.0,False,"[2017-01-01,2018-08-01)","mature by horizon OR same common90 sample, explicitly separated",seller count; group n<10 not interpreted
common90,30,business_segment,home_appliances,merchandise_cents,1,53097.0,53097.0,53097.0,53097.0,1.0,1.0,True,"[2017-01-01,2018-08-01)","mature by horizon OR same common90 sample, explicitly separated",seller count; group n<10 not interpreted
common90,30,business_segment,home_appliances,orders,1,3.0,3.0,3.0,3.0,1.0,1.0,True,"[2017-01-01,2018-08-01)","mature by horizon OR same common90 sample, explicitly separated",seller count; group n<10 not interpreted
common90,30,business_segment,home_appliances,items,1,4.0,4.0,4.0,4.0,1.0,1.0,True,"[2017-01-01,2018-08-01)","mature by horizon OR same common90 sample, explicitly separated",seller count; group n<10 not interpreted
common90,30,business_segment,home_appliances,time_to_first_delivered_days,1,39.80773148148148,39.80773148148148,39.80773148148148,39.80773148148148,1.0,1.0,True,"[2017-01-01,2018-08-01)","mature by horizon OR same common90 sample, explicitly separated",seller count; group n<10 not interpreted
common90,30,business_segment,home_decor,merchandise_cents,12,38787.583333333336,27665.0,15270.25,61203.5,1.0,1.0,False,"[2017-01-01,2018-08-01)","mature by horizon OR same common90 sample, explicitly separated",seller count; group n<10 not interpreted
common90,30,business_segment,home_decor,orders,12,3.6666666666666665,2.0,1.0,3.75,1.0,1.0,False,"[2017-01-01,2018-08-01)","mature by horizon OR same common90 sample, explicitly separated",seller count; group n<10 not interpreted
common90,30,business_segment,home_decor,items,12,5.25,3.5,1.75,5.75,1.0,1.0,False,"[2017-01-01,2018-08-01)","mature by horizon OR same common90 sample, explicitly separated",seller count; group n<10 not interpreted
common90,30,business_segment,home_decor,time_to_first_delivered_days,12,35.689935378086425,37.47793402777778,17.001218171296298,42.41846643518519,1.0,1.0,False,"[2017-01-01,2018-08-01)","mature by horizon OR same common90 sample, explicitly separated",seller count; group n<10 not interpreted
common90,30,business_segment,home_office_furniture,merchandise_cents,1,82270.0,82270.0,82270.0,82270.0,1.0,1.0,True,"[2017-01-01,2018-08-01)","mature by horizon OR same common90 sample, explicitly separated",seller count; group n<10 not interpreted
common90,30,business_segment,home_office_furniture,orders,1,6.0,6.0,6.0,6.0,1.0,1.0,True,"[2017-01-01,2018-08-01)","mature by horizon OR same common90 sample, explicitly separated",seller count; group n<10 not interpreted
common90,30,business_segment,home_office_furniture,items,1,6.0,6.0,6.0,6.0,1.0,1.0,True,"[2017-01-01,2018-08-01)","mature by horizon OR same common90 sample, explicitly separated",seller count; group n<10 not interpreted
common90,30,business_segment,home_office_furniture,time_to_first_delivered_days,1,63.71925925925926,63.71925925925926,63.71925925925926,63.71925925925926,1.0,1.0,True,"[2017-01-01,2018-08-01)","mature by horizon OR same common90 sample, explicitly separated",seller count; group n<10 not interpreted
common90,30,business_segment,household_utilities,merchandise_cents,14,45359.57142857143,34454.5,9437.5,54184.75,1.0,1.0,False,"[2017-01-01,2018-08-01)","mature by horizon OR same common90 sample, explicitly separated",seller count; group n<10 not interpreted
common90,30,business_segment,household_utilities,orders,14,6.0,5.0,2.0,7.0,1.0,1.0,False,"[2017-01-01,2018-08-01)","mature by horizon OR same common90 sample, explicitly separated",seller count; group n<10 not interpreted
common90,30,business_segment,household_utilities,items,14,6.714285714285714,5.0,2.0,8.75,1.0,1.0,False,"[2017-01-01,2018-08-01)","mature by horizon OR same common90 sample, explicitly separated",seller count; group n<10 not interpreted
common90,30,business_segment,household_utilities,time_to_first_delivered_days,14,30.794309689153437,25.176006944444445,18.229123263888887,34.056299189814816,1.0,1.0,False,"[2017-01-01,2018-08-01)","mature by horizon OR same common90 sample, explicitly separated",seller count; group n<10 not interpreted
common90,30,business_segment,music_instruments,merchandise_cents,2,106387.5,106387.5,78191.25,134583.75,1.0,1.0,True,"[2017-01-01,2018-08-01)","mature by horizon OR same common90 sample, explicitly separated",seller count; group n<10 not interpreted
common90,30,business_segment,music_instruments,orders,2,4.5,4.5,4.25,4.75,1.0,1.0,True,"[2017-01-01,2018-08-01)","mature by horizon OR same common90 sample, explicitly separated",seller count; group n<10 not interpreted
common90,30,business_segment,music_instruments,items,2,4.5,4.5,4.25,4.75,1.0,1.0,True,"[2017-01-01,2018-08-01)","mature by horizon OR same common90 sample, explicitly separated",seller count; group n<10 not interpreted
common90,30,business_segment,music_instruments,time_to_first_delivered_days,2,29.380850694444444,29.380850694444444,21.123214699074076,37.63848668981481,1.0,1.0,True,"[2017-01-01,2018-08-01)","mature by horizon OR same common90 sample, explicitly separated",seller count; group n<10 not interpreted
common90,30,business_segment,pet,merchandise_cents,9,58215.22222222222,31900.0,17980.0,47400.0,1.0,1.0,True,"[2017-01-01,2018-08-01)","mature by horizon OR same common90 sample, explicitly separated",seller count; group n<10 not interpreted
common90,30,business_segment,pet,orders,9,4.0,3.0,1.0,4.0,1.0,1.0,True,"[2017-01-01,2018-08-01)","mature by horizon OR same common90 sample, explicitly separated",seller count; group n<10 not interpreted
common90,30,business_segment,pet,items,9,4.444444444444445,3.0,2.0,4.0,1.0,1.0,True,"[2017-01-01,2018-08-01)","mature by horizon OR same common90 sample, explicitly separated",seller count; group n<10 not interpreted
common90,30,business_segment,pet,time_to_first_delivered_days,9,39.30185956790123,38.799502314814816,28.73929398148148,48.03768518518518,1.0,1.0,True,"[2017-01-01,2018-08-01)","mature by horizon OR same common90 sample, explicitly separated",seller count; group n<10 not interpreted
common90,30,business_segment,phone_mobile,merchandise_cents,2,47195.0,47195.0,28842.5,65547.5,1.0,1.0,True,"[2017-01-01,2018-08-01)","mature by horizon OR same common90 sample, explicitly separated",seller count; group n<10 not interpreted
common90,30,business_segment,phone_mobile,orders,2,7.0,7.0,4.0,10.0,1.0,1.0,True,"[2017-01-01,2018-08-01)","mature by horizon OR same common90 sample, explicitly separated",seller count; group n<10 not interpreted
common90,30,business_segment,phone_mobile,items,2,7.5,7.5,4.25,10.75,1.0,1.0,True,"[2017-01-01,2018-08-01)","mature by horizon OR same common90 sample, explicitly separated",seller count; group n<10 not interpreted
common90,30,business_segment,phone_mobile,time_to_first_delivered_days,2,43.882592592592594,43.882592592592594,35.33552662037037,52.429658564814815,1.0,1.0,True,"[2017-01-01,2018-08-01)","mature by horizon OR same common90 sample, explicitly separated",seller count; group n<10 not interpreted
common90,30,business_segment,small_appliances,merchandise_cents,1,866400.0,866400.0,866400.0,866400.0,1.0,1.0,True,"[2017-01-01,2018-08-01)","mature by horizon OR same common90 sample, explicitly separated",seller count; group n<10 not interpreted
common90,30,business_segment,small_appliances,orders,1,7.0,7.0,7.0,7.0,1.0,1.0,True,"[2017-01-01,2018-08-01)","mature by horizon OR same common90 sample, explicitly separated",seller count; group n<10 not interpreted
common90,30,business_segment,small_appliances,items,1,7.0,7.0,7.0,7.0,1.0,1.0,True,"[2017-01-01,2018-08-01)","mature by horizon OR same common90 sample, explicitly separated",seller count; group n<10 not interpreted
common90,30,business_segment,small_appliances,time_to_first_delivered_days,1,15.817106481481481,15.817106481481481,15.817106481481481,15.817106481481481,1.0,1.0,True,"[2017-01-01,2018-08-01)","mature by horizon OR same common90 sample, explicitly separated",seller count; group n<10 not interpreted
common90,30,business_segment,sports_leisure,merchandise_cents,4,51849.5,40039.0,13766.0,78122.5,1.0,1.0,True,"[2017-01-01,2018-08-01)","mature by horizon OR same common90 sample, explicitly separated",seller count; group n<10 not interpreted
common90,30,business_segment,sports_leisure,orders,4,5.25,4.5,3.25,6.5,1.0,1.0,True,"[2017-01-01,2018-08-01)","mature by horizon OR same common90 sample, explicitly separated",seller count; group n<10 not interpreted
common90,30,business_segment,sports_leisure,items,4,5.25,4.5,3.25,6.5,1.0,1.0,True,"[2017-01-01,2018-08-01)","mature by horizon OR same common90 sample, explicitly separated",seller count; group n<10 not interpreted
common90,30,business_segment,sports_leisure,time_to_first_delivered_days,4,12.225283564814816,11.614097222222222,7.2145428240740745,16.624837962962964,1.0,1.0,True,"[2017-01-01,2018-08-01)","mature by horizon OR same common90 sample, explicitly separated",seller count; group n<10 not interpreted
common90,30,business_segment,stationery,merchandise_cents,3,34061.333333333336,26200.0,19372.0,44820.0,1.0,1.0,True,"[2017-01-01,2018-08-01)","mature by horizon OR same common90 sample, explicitly separated",seller count; group n<10 not interpreted
common90,30,business_segment,stationery,orders,3,2.3333333333333335,3.0,2.0,3.0,1.0,1.0,True,"[2017-01-01,2018-08-01)","mature by horizon OR same common90 sample, explicitly separated",seller count; group n<10 not interpreted
common90,30,business_segment,stationery,items,3,2.3333333333333335,3.0,2.0,3.0,1.0,1.0,True,"[2017-01-01,2018-08-01)","mature by horizon OR same common90 sample, explicitly separated",seller count; group n<10 not interpreted
common90,30,business_segment,stationery,time_to_first_delivered_days,3,14.703445216049383,13.355543981481482,8.758605324074075,19.97433449074074,1.0,1.0,True,"[2017-01-01,2018-08-01)","mature by horizon OR same common90 sample, explicitly separated",seller count; group n<10 not interpreted
common90,30,business_segment,toys,merchandise_cents,5,25000.6,25220.0,8990.0,39800.0,1.0,1.0,True,"[2017-01-01,2018-08-01)","mature by horizon OR same common90 sample, explicitly separated",seller count; group n<10 not interpreted
common90,30,business_segment,toys,orders,5,3.2,2.0,1.0,5.0,1.0,1.0,True,"[2017-01-01,2018-08-01)","mature by horizon OR same common90 sample, explicitly separated",seller count; group n<10 not interpreted
common90,30,business_segment,toys,items,5,3.6,2.0,1.0,6.0,1.0,1.0,True,"[2017-01-01,2018-08-01)","mature by horizon OR same common90 sample, explicitly separated",seller count; group n<10 not interpreted
common90,30,business_segment,toys,time_to_first_delivered_days,5,23.529717592592593,18.87130787037037,12.420902777777778,23.152673611111112,1.0,1.0,True,"[2017-01-01,2018-08-01)","mature by horizon OR same common90 sample, explicitly separated",seller count; group n<10 not interpreted
common90,30,business_segment,watches,merchandise_cents,1,2007331.0,2007331.0,2007331.0,2007331.0,1.0,1.0,True,"[2017-01-01,2018-08-01)","mature by horizon OR same common90 sample, explicitly separated",seller count; group n<10 not interpreted
common90,30,business_segment,watches,orders,1,72.0,72.0,72.0,72.0,1.0,1.0,True,"[2017-01-01,2018-08-01)","mature by horizon OR same common90 sample, explicitly separated",seller count; group n<10 not interpreted
common90,30,business_segment,watches,items,1,72.0,72.0,72.0,72.0,1.0,1.0,True,"[2017-01-01,2018-08-01)","mature by horizon OR same common90 sample, explicitly separated",seller count; group n<10 not interpreted
common90,30,business_segment,watches,time_to_first_delivered_days,1,6.160763888888889,6.160763888888889,6.160763888888889,6.160763888888889,1.0,1.0,True,"[2017-01-01,2018-08-01)","mature by horizon OR same common90 sample, explicitly separated",seller count; group n<10 not interpreted
common90,60,business_segment,audio_video_electronics,merchandise_cents,9,126365.11111111111,74760.0,25396.0,128200.0,1.0,0.6666666666666666,True,"[2017-01-01,2018-08-01)","mature by horizon OR same common90 sample, explicitly separated",seller count; group n<10 not interpreted
common90,60,business_segment,audio_video_electronics,orders,9,8.222222222222221,4.0,2.0,12.0,1.0,0.6666666666666666,True,"[2017-01-01,2018-08-01)","mature by horizon OR same common90 sample, explicitly separated",seller count; group n<10 not interpreted
common90,60,business_segment,audio_video_electronics,items,9,8.333333333333334,4.0,2.0,13.0,1.0,0.6666666666666666,True,"[2017-01-01,2018-08-01)","mature by horizon OR same common90 sample, explicitly separated",seller count; group n<10 not interpreted
common90,60,business_segment,audio_video_electronics,time_to_first_delivered_days,9,29.30798739711934,25.894768518518518,17.737418981481483,28.865659722222222,1.0,0.6666666666666666,True,"[2017-01-01,2018-08-01)","mature by horizon OR same common90 sample, explicitly separated",seller count; group n<10 not interpreted
common90,60,business_segment,baby,merchandise_cents,3,342198.3333333333,57450.0,38047.5,503975.0,1.0,1.0,True,"[2017-01-01,2018-08-01)","mature by horizon OR same common90 sample, explicitly separated",seller count; group n<10 not interpreted
common90,60,business_segment,baby,orders,3,4.333333333333333,5.0,3.5,5.5,1.0,1.0,True,"[2017-01-01,2018-08-01)","mature by horizon OR same common90 sample, explicitly separated",seller count; group n<10 not interpreted
common90,60,business_segment,baby,items,3,4.333333333333333,5.0,3.5,5.5,1.0,1.0,True,"[2017-01-01,2018-08-01)","mature by horizon OR same common90 sample, explicitly separated",seller count; group n<10 not interpreted
common90,60,business_segment,baby,time_to_first_delivered_days,3,29.92278935185185,38.92574074074074,22.82686342592593,41.520190972222224,1.0,1.0,True,"[2017-01-01,2018-08-01)","mature by horizon OR same common90 sample, explicitly separated",seller count; group n<10 not interpreted
common90,60,business_segment,bags_backpacks,merchandise_cents,6,86763.83333333333,72610.0,20241.75,150257.0,1.0,0.6666666666666666,True,"[2017-01-01,2018-08-01)","mature by horizon OR same common90 sample, explicitly separated",seller count; group n<10 not interpreted
common90,60,business_segment,bags_backpacks,orders,6,7.833333333333333,6.5,3.0,10.75,1.0,0.6666666666666666,True,"[2017-01-01,2018-08-01)","mature by horizon OR same common90 sample, explicitly separated",seller count; group n<10 not interpreted
common90,60,business_segment,bags_backpacks,items,6,8.166666666666666,7.0,3.0,11.0,1.0,0.6666666666666666,True,"[2017-01-01,2018-08-01)","mature by horizon OR same common90 sample, explicitly separated",seller count; group n<10 not interpreted
common90,60,business_segment,bags_backpacks,time_to_first_delivered_days,6,35.03608796296297,23.066302083333333,20.45908275462963,27.462800925925926,1.0,0.6666666666666666,True,"[2017-01-01,2018-08-01)","mature by horizon OR same common90 sample, explicitly separated",seller count; group n<10 not interpreted
common90,60,business_segment,bed_bath_table,merchandise_cents,6,97949.66666666667,64280.0,25300.0,107383.5,1.0,0.5,True,"[2017-01-01,2018-08-01)","mature by horizon OR same common90 sample, explicitly separated",seller count; group n<10 not interpreted
common90,60,business_segment,bed_bath_table,orders,6,9.166666666666666,3.0,2.0,7.0,1.0,0.5,True,"[2017-01-01,2018-08-01)","mature by horizon OR same common90 sample, explicitly separated",seller count; group n<10 not interpreted
common90,60,business_segment,bed_bath_table,items,6,10.666666666666666,4.0,2.5,7.0,1.0,0.5,True,"[2017-01-01,2018-08-01)","mature by horizon OR same common90 sample, explicitly separated",seller count; group n<10 not interpreted
common90,60,business_segment,bed_bath_table,time_to_first_delivered_days,6,29.929693287037036,20.709872685185186,14.732743055555556,35.232445023148145,1.0,0.5,True,"[2017-01-01,2018-08-01)","mature by horizon OR same common90 sample, explicitly separated",seller count; group n<10 not interpreted
common90,60,business_segment,books,merchandise_cents,2,207015.5,207015.5,105247.75,308783.25,1.0,1.0,True,"[2017-01-01,2018-08-01)","mature by horizon OR same common90 sample, explicitly separated",seller count; group n<10 not interpreted
common90,60,business_segment,books,orders,2,30.5,30.5,16.25,44.75,1.0,1.0,True,"[2017-01-01,2018-08-01)","mature by horizon OR same common90 sample, explicitly separated",seller count; group n<10 not interpreted
common90,60,business_segment,books,items,2,31.0,31.0,16.5,45.5,1.0,1.0,True,"[2017-01-01,2018-08-01)","mature by horizon OR same common90 sample, explicitly separated",seller count; group n<10 not interpreted
common90,60,business_segment,books,time_to_first_delivered_days,2,27.057378472222222,27.057378472222222,16.905737847222223,37.209019097222225,1.0,1.0,True,"[2017-01-01,2018-08-01)","mature by horizon OR same common90 sample, explicitly separated",seller count; group n<10 not interpreted
common90,60,business_segment,car_accessories,merchandise_cents,6,125270.0,109145.0,52372.5,182605.0,1.0,0.5,True,"[2017-01-01,2018-08-01)","mature by horizon OR same common90 sample, explicitly separated",seller count; group n<10 not interpreted
common90,60,business_segment,car_accessories,orders,6,5.0,4.0,1.5,8.0,1.0,0.5,True,"[2017-01-01,2018-08-01)","mature by horizon OR same common90 sample, explicitly separated",seller count; group n<10 not interpreted
common90,60,business_segment,car_accessories,items,6,5.333333333333333,5.0,1.5,8.5,1.0,0.5,True,"[2017-01-01,2018-08-01)","mature by horizon OR same common90 sample, explicitly separated",seller count; group n<10 not interpreted
common90,60,business_segment,car_accessories,time_to_first_delivered_days,6,50.85734760802469,51.28150462962963,28.36901909722222,75.65801793981481,1.0,0.5,True,"[2017-01-01,2018-08-01)","mature by horizon OR same common90 sample, explicitly separated",seller count; group n<10 not interpreted
common90,60,business_segment,computers,merchandise_cents,3,29283.333333333332,15000.0,12675.0,38750.0,1.0,0.6666666666666666,True,"[2017-01-01,2018-08-01)","mature by horizon OR same common90 sample, explicitly separated",seller count; group n<10 not interpreted
common90,60,business_segment,computers,orders,3,3.6666666666666665,3.0,2.0,5.0,1.0,0.6666666666666666,True,"[2017-01-01,2018-08-01)","mature by horizon OR same common90 sample, explicitly separated",seller count; group n<10 not interpreted
common90,60,business_segment,computers,items,3,3.6666666666666665,3.0,2.0,5.0,1.0,0.6666666666666666,True,"[2017-01-01,2018-08-01)","mature by horizon OR same common90 sample, explicitly separated",seller count; group n<10 not interpreted
common90,60,business_segment,computers,time_to_first_delivered_days,3,38.96445601851852,33.13064814814815,23.445266203703703,51.56674189814815,1.0,0.6666666666666666,True,"[2017-01-01,2018-08-01)","mature by horizon OR same common90 sample, explicitly separated",seller count; group n<10 not interpreted
common90,60,business_segment,construction_tools_house_garden,merchandise_cents,11,88015.45454545454,59400.0,40193.5,112750.0,1.0,0.8181818181818182,False,"[2017-01-01,2018-08-01)","mature by horizon OR same common90 sample, explicitly separated",seller count; group n<10 not interpreted
common90,60,business_segment,construction_tools_house_garden,orders,11,5.2727272727272725,4.0,3.5,7.5,1.0,0.8181818181818182,False,"[2017-01-01,2018-08-01)","mature by horizon OR same common90 sample, explicitly separated",seller count; group n<10 not interpreted
common90,60,business_segment,construction_tools_house_garden,items,11,6.818181818181818,4.0,3.5,10.0,1.0,0.8181818181818182,False,"[2017-01-01,2018-08-01)","mature by horizon OR same common90 sample, explicitly separated",seller count; group n<10 not interpreted
common90,60,business_segment,construction_tools_house_garden,time_to_first_delivered_days,11,25.697208543771044,20.84582175925926,11.79738425925926,33.88824652777778,1.0,0.8181818181818182,False,"[2017-01-01,2018-08-01)","mature by horizon OR same common90 sample, explicitly separated",seller count; group n<10 not interpreted
common90,60,business_segment,fashion_accessories,merchandise_cents,1,10480.0,10480.0,10480.0,10480.0,1.0,1.0,True,"[2017-01-01,2018-08-01)","mature by horizon OR same common90 sample, explicitly separated",seller count; group n<10 not interpreted
common90,60,business_segment,fashion_accessories,orders,1,2.0,2.0,2.0,2.0,1.0,1.0,True,"[2017-01-01,2018-08-01)","mature by horizon OR same common90 sample, explicitly separated",seller count; group n<10 not interpreted
common90,60,business_segment,fashion_accessories,items,1,2.0,2.0,2.0,2.0,1.0,1.0,True,"[2017-01-01,2018-08-01)","mature by horizon OR same common90 sample, explicitly separated",seller count; group n<10 not interpreted
common90,60,business_segment,fashion_accessories,time_to_first_delivered_days,1,81.63010416666667,81.63010416666667,81.63010416666667,81.63010416666667,1.0,1.0,True,"[2017-01-01,2018-08-01)","mature by horizon OR same common90 sample, explicitly separated",seller count; group n<10 not interpreted
common90,60,business_segment,food_drink,merchandise_cents,3,17240.0,6360.0,5970.0,23070.0,1.0,0.3333333333333333,True,"[2017-01-01,2018-08-01)","mature by horizon OR same common90 sample, explicitly separated",seller count; group n<10 not interpreted
common90,60,business_segment,food_drink,orders,3,2.3333333333333335,2.0,1.5,3.0,1.0,0.3333333333333333,True,"[2017-01-01,2018-08-01)","mature by horizon OR same common90 sample, explicitly separated",seller count; group n<10 not interpreted
common90,60,business_segment,food_drink,items,3,4.0,4.0,3.0,5.0,1.0,0.3333333333333333,True,"[2017-01-01,2018-08-01)","mature by horizon OR same common90 sample, explicitly separated",seller count; group n<10 not interpreted
common90,60,business_segment,food_drink,time_to_first_delivered_days,3,67.89944830246914,65.97697916666667,59.669079861111115,75.16858217592593,1.0,0.3333333333333333,True,"[2017-01-01,2018-08-01)","mature by horizon OR same common90 sample, explicitly separated",seller count; group n<10 not interpreted
common90,60,business_segment,food_supplement,merchandise_cents,3,182418.0,175264.0,103607.0,257652.0,1.0,1.0,True,"[2017-01-01,2018-08-01)","mature by horizon OR same common90 sample, explicitly separated",seller count; group n<10 not interpreted
common90,60,business_segment,food_supplement,orders,3,15.333333333333334,10.0,8.5,19.5,1.0,1.0,True,"[2017-01-01,2018-08-01)","mature by horizon OR same common90 sample, explicitly separated",seller count; group n<10 not interpreted
common90,60,business_segment,food_supplement,items,3,17.666666666666668,11.0,10.0,22.0,1.0,1.0,True,"[2017-01-01,2018-08-01)","mature by horizon OR same common90 sample, explicitly separated",seller count; group n<10 not interpreted
common90,60,business_segment,food_supplement,time_to_first_delivered_days,3,21.94258101851852,10.94636574074074,10.891099537037036,27.49595486111111,1.0,1.0,True,"[2017-01-01,2018-08-01)","mature by horizon OR same common90 sample, explicitly separated",seller count; group n<10 not interpreted
common90,60,business_segment,gifts,merchandise_cents,1,18900.0,18900.0,18900.0,18900.0,1.0,0.0,True,"[2017-01-01,2018-08-01)","mature by horizon OR same common90 sample, explicitly separated",seller count; group n<10 not interpreted
common90,60,business_segment,gifts,orders,1,1.0,1.0,1.0,1.0,1.0,0.0,True,"[2017-01-01,2018-08-01)","mature by horizon OR same common90 sample, explicitly separated",seller count; group n<10 not interpreted
common90,60,business_segment,gifts,items,1,1.0,1.0,1.0,1.0,1.0,0.0,True,"[2017-01-01,2018-08-01)","mature by horizon OR same common90 sample, explicitly separated",seller count; group n<10 not interpreted
common90,60,business_segment,gifts,time_to_first_delivered_days,1,31.068090277777777,31.068090277777777,31.068090277777777,31.068090277777777,1.0,0.0,True,"[2017-01-01,2018-08-01)","mature by horizon OR same common90 sample, explicitly separated",seller count; group n<10 not interpreted
common90,60,business_segment,health_beauty,merchandise_cents,15,164078.2,61970.0,10395.0,134020.0,1.0,0.6,False,"[2017-01-01,2018-08-01)","mature by horizon OR same common90 sample, explicitly separated",seller count; group n<10 not interpreted
common90,60,business_segment,health_beauty,orders,15,11.4,6.0,2.0,8.5,1.0,0.6,False,"[2017-01-01,2018-08-01)","mature by horizon OR same common90 sample, explicitly separated",seller count; group n<10 not interpreted
common90,60,business_segment,health_beauty,items,15,13.733333333333333,7.0,2.0,10.0,1.0,0.6,False,"[2017-01-01,2018-08-01)","mature by horizon OR same common90 sample, explicitly separated",seller count; group n<10 not interpreted
common90,60,business_segment,health_beauty,time_to_first_delivered_days,15,41.598736882716054,27.931284722222223,18.195983796296296,70.83182291666665,1.0,0.6,False,"[2017-01-01,2018-08-01)","mature by horizon OR same common90 sample, explicitly separated",seller count; group n<10 not interpreted
common90,60,business_segment,home_appliances,merchandise_cents,1,145095.0,145095.0,145095.0,145095.0,1.0,1.0,True,"[2017-01-01,2018-08-01)","mature by horizon OR same common90 sample, explicitly separated",seller count; group n<10 not interpreted
common90,60,business_segment,home_appliances,orders,1,7.0,7.0,7.0,7.0,1.0,1.0,True,"[2017-01-01,2018-08-01)","mature by horizon OR same common90 sample, explicitly separated",seller count; group n<10 not interpreted
common90,60,business_segment,home_appliances,items,1,8.0,8.0,8.0,8.0,1.0,1.0,True,"[2017-01-01,2018-08-01)","mature by horizon OR same common90 sample, explicitly separated",seller count; group n<10 not interpreted
common90,60,business_segment,home_appliances,time_to_first_delivered_days,1,39.80773148148148,39.80773148148148,39.80773148148148,39.80773148148148,1.0,1.0,True,"[2017-01-01,2018-08-01)","mature by horizon OR same common90 sample, explicitly separated",seller count; group n<10 not interpreted
common90,60,business_segment,home_decor,merchandise_cents,12,66646.91666666667,35794.5,19200.25,77978.25,1.0,0.5,False,"[2017-01-01,2018-08-01)","mature by horizon OR same common90 sample, explicitly separated",seller count; group n<10 not interpreted
common90,60,business_segment,home_decor,orders,12,6.666666666666667,3.0,1.75,4.75,1.0,0.5,False,"[2017-01-01,2018-08-01)","mature by horizon OR same common90 sample, explicitly separated",seller count; group n<10 not interpreted
common90,60,business_segment,home_decor,items,12,9.083333333333334,3.5,2.75,12.25,1.0,0.5,False,"[2017-01-01,2018-08-01)","mature by horizon OR same common90 sample, explicitly separated",seller count; group n<10 not interpreted
common90,60,business_segment,home_decor,time_to_first_delivered_days,12,35.689935378086425,37.47793402777778,17.001218171296298,42.41846643518519,1.0,0.5,False,"[2017-01-01,2018-08-01)","mature by horizon OR same common90 sample, explicitly separated",seller count; group n<10 not interpreted
common90,60,business_segment,home_office_furniture,merchandise_cents,1,101260.0,101260.0,101260.0,101260.0,1.0,1.0,True,"[2017-01-01,2018-08-01)","mature by horizon OR same common90 sample, explicitly separated",seller count; group n<10 not interpreted
common90,60,business_segment,home_office_furniture,orders,1,7.0,7.0,7.0,7.0,1.0,1.0,True,"[2017-01-01,2018-08-01)","mature by horizon OR same common90 sample, explicitly separated",seller count; group n<10 not interpreted
common90,60,business_segment,home_office_furniture,items,1,7.0,7.0,7.0,7.0,1.0,1.0,True,"[2017-01-01,2018-08-01)","mature by horizon OR same common90 sample, explicitly separated",seller count; group n<10 not interpreted
common90,60,business_segment,home_office_furniture,time_to_first_delivered_days,1,63.71925925925926,63.71925925925926,63.71925925925926,63.71925925925926,1.0,1.0,True,"[2017-01-01,2018-08-01)","mature by horizon OR same common90 sample, explicitly separated",seller count; group n<10 not interpreted
common90,60,business_segment,household_utilities,merchandise_cents,14,75111.92857142857,45804.5,21880.0,133627.5,1.0,0.8571428571428571,False,"[2017-01-01,2018-08-01)","mature by horizon OR same common90 sample, explicitly separated",seller count; group n<10 not interpreted
common90,60,business_segment,household_utilities,orders,14,9.714285714285714,8.0,4.25,13.25,1.0,0.8571428571428571,False,"[2017-01-01,2018-08-01)","mature by horizon OR same common90 sample, explicitly separated",seller count; group n<10 not interpreted
common90,60,business_segment,household_utilities,items,14,10.785714285714286,8.0,5.0,17.5,1.0,0.8571428571428571,False,"[2017-01-01,2018-08-01)","mature by horizon OR same common90 sample, explicitly separated",seller count; group n<10 not interpreted
common90,60,business_segment,household_utilities,time_to_first_delivered_days,14,30.794309689153437,25.176006944444445,18.229123263888887,34.056299189814816,1.0,0.8571428571428571,False,"[2017-01-01,2018-08-01)","mature by horizon OR same common90 sample, explicitly separated",seller count; group n<10 not interpreted
common90,60,business_segment,music_instruments,merchandise_cents,2,136377.0,136377.0,115680.5,157073.5,1.0,1.0,True,"[2017-01-01,2018-08-01)","mature by horizon OR same common90 sample, explicitly separated",seller count; group n<10 not interpreted
common90,60,business_segment,music_instruments,orders,2,6.0,6.0,5.5,6.5,1.0,1.0,True,"[2017-01-01,2018-08-01)","mature by horizon OR same common90 sample, explicitly separated",seller count; group n<10 not interpreted
common90,60,business_segment,music_instruments,items,2,6.0,6.0,5.5,6.5,1.0,1.0,True,"[2017-01-01,2018-08-01)","mature by horizon OR same common90 sample, explicitly separated",seller count; group n<10 not interpreted
common90,60,business_segment,music_instruments,time_to_first_delivered_days,2,29.380850694444444,29.380850694444444,21.123214699074076,37.63848668981481,1.0,1.0,True,"[2017-01-01,2018-08-01)","mature by horizon OR same common90 sample, explicitly separated",seller count; group n<10 not interpreted
common90,60,business_segment,pet,merchandise_cents,9,80946.22222222222,36800.0,23970.0,56970.0,1.0,0.7777777777777778,True,"[2017-01-01,2018-08-01)","mature by horizon OR same common90 sample, explicitly separated",seller count; group n<10 not interpreted
common90,60,business_segment,pet,orders,9,5.888888888888889,4.0,2.0,7.0,1.0,0.7777777777777778,True,"[2017-01-01,2018-08-01)","mature by horizon OR same common90 sample, explicitly separated",seller count; group n<10 not interpreted
common90,60,business_segment,pet,items,9,6.666666666666667,4.0,2.0,7.0,1.0,0.7777777777777778,True,"[2017-01-01,2018-08-01)","mature by horizon OR same common90 sample, explicitly separated",seller count; group n<10 not interpreted
common90,60,business_segment,pet,time_to_first_delivered_days,9,39.30185956790123,38.799502314814816,28.73929398148148,48.03768518518518,1.0,0.7777777777777778,True,"[2017-01-01,2018-08-01)","mature by horizon OR same common90 sample, explicitly separated",seller count; group n<10 not interpreted
common90,60,business_segment,phone_mobile,merchandise_cents,2,97140.0,97140.0,54810.0,139470.0,1.0,1.0,True,"[2017-01-01,2018-08-01)","mature by horizon OR same common90 sample, explicitly separated",seller count; group n<10 not interpreted
common90,60,business_segment,phone_mobile,orders,2,13.0,13.0,7.5,18.5,1.0,1.0,True,"[2017-01-01,2018-08-01)","mature by horizon OR same common90 sample, explicitly separated",seller count; group n<10 not interpreted
common90,60,business_segment,phone_mobile,items,2,13.5,13.5,7.75,19.25,1.0,1.0,True,"[2017-01-01,2018-08-01)","mature by horizon OR same common90 sample, explicitly separated",seller count; group n<10 not interpreted
common90,60,business_segment,phone_mobile,time_to_first_delivered_days,2,43.882592592592594,43.882592592592594,35.33552662037037,52.429658564814815,1.0,1.0,True,"[2017-01-01,2018-08-01)","mature by horizon OR same common90 sample, explicitly separated",seller count; group n<10 not interpreted
common90,60,business_segment,small_appliances,merchandise_cents,1,2379090.0,2379090.0,2379090.0,2379090.0,1.0,1.0,True,"[2017-01-01,2018-08-01)","mature by horizon OR same common90 sample, explicitly separated",seller count; group n<10 not interpreted
common90,60,business_segment,small_appliances,orders,1,20.0,20.0,20.0,20.0,1.0,1.0,True,"[2017-01-01,2018-08-01)","mature by horizon OR same common90 sample, explicitly separated",seller count; group n<10 not interpreted
common90,60,business_segment,small_appliances,items,1,20.0,20.0,20.0,20.0,1.0,1.0,True,"[2017-01-01,2018-08-01)","mature by horizon OR same common90 sample, explicitly separated",seller count; group n<10 not interpreted
common90,60,business_segment,small_appliances,time_to_first_delivered_days,1,15.817106481481481,15.817106481481481,15.817106481481481,15.817106481481481,1.0,1.0,True,"[2017-01-01,2018-08-01)","mature by horizon OR same common90 sample, explicitly separated",seller count; group n<10 not interpreted
common90,60,business_segment,sports_leisure,merchandise_cents,4,101334.25,76888.5,26515.25,151707.5,1.0,0.75,True,"[2017-01-01,2018-08-01)","mature by horizon OR same common90 sample, explicitly separated",seller count; group n<10 not interpreted
common90,60,business_segment,sports_leisure,orders,4,12.0,7.0,4.0,15.0,1.0,0.75,True,"[2017-01-01,2018-08-01)","mature by horizon OR same common90 sample, explicitly separated",seller count; group n<10 not interpreted
common90,60,business_segment,sports_leisure,items,4,13.0,7.0,4.0,16.0,1.0,0.75,True,"[2017-01-01,2018-08-01)","mature by horizon OR same common90 sample, explicitly separated",seller count; group n<10 not interpreted
common90,60,business_segment,sports_leisure,time_to_first_delivered_days,4,12.225283564814816,11.614097222222222,7.2145428240740745,16.624837962962964,1.0,0.75,True,"[2017-01-01,2018-08-01)","mature by horizon OR same common90 sample, explicitly separated",seller count; group n<10 not interpreted
common90,60,business_segment,stationery,merchandise_cents,3,55208.0,26200.0,19372.0,76540.0,1.0,0.3333333333333333,True,"[2017-01-01,2018-08-01)","mature by horizon OR same common90 sample, explicitly separated",seller count; group n<10 not interpreted
common90,60,business_segment,stationery,orders,3,2.6666666666666665,3.0,2.5,3.0,1.0,0.3333333333333333,True,"[2017-01-01,2018-08-01)","mature by horizon OR same common90 sample, explicitly separated",seller count; group n<10 not interpreted
common90,60,business_segment,stationery,items,3,2.6666666666666665,3.0,2.5,3.0,1.0,0.3333333333333333,True,"[2017-01-01,2018-08-01)","mature by horizon OR same common90 sample, explicitly separated",seller count; group n<10 not interpreted
common90,60,business_segment,stationery,time_to_first_delivered_days,3,14.703445216049383,13.355543981481482,8.758605324074075,19.97433449074074,1.0,0.3333333333333333,True,"[2017-01-01,2018-08-01)","mature by horizon OR same common90 sample, explicitly separated",seller count; group n<10 not interpreted
common90,60,business_segment,toys,merchandise_cents,5,36522.0,39800.0,8990.0,61991.0,1.0,0.4,True,"[2017-01-01,2018-08-01)","mature by horizon OR same common90 sample, explicitly separated",seller count; group n<10 not interpreted
common90,60,business_segment,toys,orders,5,6.4,2.0,1.0,8.0,1.0,0.4,True,"[2017-01-01,2018-08-01)","mature by horizon OR same common90 sample, explicitly separated",seller count; group n<10 not interpreted
common90,60,business_segment,toys,items,5,6.8,2.0,1.0,9.0,1.0,0.4,True,"[2017-01-01,2018-08-01)","mature by horizon OR same common90 sample, explicitly separated",seller count; group n<10 not interpreted
common90,60,business_segment,toys,time_to_first_delivered_days,5,23.529717592592593,18.87130787037037,12.420902777777778,23.152673611111112,1.0,0.4,True,"[2017-01-01,2018-08-01)","mature by horizon OR same common90 sample, explicitly separated",seller count; group n<10 not interpreted
common90,60,business_segment,watches,merchandise_cents,1,4402981.0,4402981.0,4402981.0,4402981.0,1.0,1.0,True,"[2017-01-01,2018-08-01)","mature by horizon OR same common90 sample, explicitly separated",seller count; group n<10 not interpreted
common90,60,business_segment,watches,orders,1,152.0,152.0,152.0,152.0,1.0,1.0,True,"[2017-01-01,2018-08-01)","mature by horizon OR same common90 sample, explicitly separated",seller count; group n<10 not interpreted
common90,60,business_segment,watches,items,1,152.0,152.0,152.0,152.0,1.0,1.0,True,"[2017-01-01,2018-08-01)","mature by horizon OR same common90 sample, explicitly separated",seller count; group n<10 not interpreted
common90,60,business_segment,watches,time_to_first_delivered_days,1,6.160763888888889,6.160763888888889,6.160763888888889,6.160763888888889,1.0,1.0,True,"[2017-01-01,2018-08-01)","mature by horizon OR same common90 sample, explicitly separated",seller count; group n<10 not interpreted
common90,90,business_segment,audio_video_electronics,merchandise_cents,9,163117.11111111112,86640.0,49194.0,128200.0,1.0,0.7777777777777778,True,"[2017-01-01,2018-08-01)","mature by horizon OR same common90 sample, explicitly separated",seller count; group n<10 not interpreted
common90,90,business_segment,audio_video_electronics,orders,9,10.444444444444445,6.0,2.0,14.0,1.0,0.7777777777777778,True,"[2017-01-01,2018-08-01)","mature by horizon OR same common90 sample, explicitly separated",seller count; group n<10 not interpreted
common90,90,business_segment,audio_video_electronics,items,9,10.555555555555555,6.0,2.0,14.0,1.0,0.7777777777777778,True,"[2017-01-01,2018-08-01)","mature by horizon OR same common90 sample, explicitly separated",seller count; group n<10 not interpreted
common90,90,business_segment,audio_video_electronics,time_to_first_delivered_days,9,29.30798739711934,25.894768518518518,17.737418981481483,28.865659722222222,1.0,0.7777777777777778,True,"[2017-01-01,2018-08-01)","mature by horizon OR same common90 sample, explicitly separated",seller count; group n<10 not interpreted
common90,90,business_segment,baby,merchandise_cents,3,351526.0,57450.0,45046.5,510967.5,1.0,0.6666666666666666,True,"[2017-01-01,2018-08-01)","mature by horizon OR same common90 sample, explicitly separated",seller count; group n<10 not interpreted
common90,90,business_segment,baby,orders,3,5.333333333333333,5.0,4.0,6.5,1.0,0.6666666666666666,True,"[2017-01-01,2018-08-01)","mature by horizon OR same common90 sample, explicitly separated",seller count; group n<10 not interpreted
common90,90,business_segment,baby,items,3,5.333333333333333,5.0,4.0,6.5,1.0,0.6666666666666666,True,"[2017-01-01,2018-08-01)","mature by horizon OR same common90 sample, explicitly separated",seller count; group n<10 not interpreted
common90,90,business_segment,baby,time_to_first_delivered_days,3,29.92278935185185,38.92574074074074,22.82686342592593,41.520190972222224,1.0,0.6666666666666666,True,"[2017-01-01,2018-08-01)","mature by horizon OR same common90 sample, explicitly separated",seller count; group n<10 not interpreted
common90,90,business_segment,bags_backpacks,merchandise_cents,6,104690.5,76105.0,21989.25,180815.0,1.0,0.5,True,"[2017-01-01,2018-08-01)","mature by horizon OR same common90 sample, explicitly separated",seller count; group n<10 not interpreted
common90,90,business_segment,bags_backpacks,orders,6,9.5,7.0,3.25,15.25,1.0,0.5,True,"[2017-01-01,2018-08-01)","mature by horizon OR same common90 sample, explicitly separated",seller count; group n<10 not interpreted
common90,90,business_segment,bags_backpacks,items,6,9.833333333333334,7.5,3.25,15.5,1.0,0.5,True,"[2017-01-01,2018-08-01)","mature by horizon OR same common90 sample, explicitly separated",seller count; group n<10 not interpreted
common90,90,business_segment,bags_backpacks,time_to_first_delivered_days,6,35.03608796296297,23.066302083333333,20.45908275462963,27.462800925925926,1.0,0.5,True,"[2017-01-01,2018-08-01)","mature by horizon OR same common90 sample, explicitly separated",seller count; group n<10 not interpreted
common90,90,business_segment,bed_bath_table,merchandise_cents,6,124246.33333333333,82020.0,34325.0,113528.5,1.0,0.6666666666666666,True,"[2017-01-01,2018-08-01)","mature by horizon OR same common90 sample, explicitly separated",seller count; group n<10 not interpreted
common90,90,business_segment,bed_bath_table,orders,6,12.166666666666666,3.5,3.0,7.75,1.0,0.6666666666666666,True,"[2017-01-01,2018-08-01)","mature by horizon OR same common90 sample, explicitly separated",seller count; group n<10 not interpreted
common90,90,business_segment,bed_bath_table,items,6,14.166666666666666,4.5,3.25,8.75,1.0,0.6666666666666666,True,"[2017-01-01,2018-08-01)","mature by horizon OR same common90 sample, explicitly separated",seller count; group n<10 not interpreted
common90,90,business_segment,bed_bath_table,time_to_first_delivered_days,6,29.929693287037036,20.709872685185186,14.732743055555556,35.232445023148145,1.0,0.6666666666666666,True,"[2017-01-01,2018-08-01)","mature by horizon OR same common90 sample, explicitly separated",seller count; group n<10 not interpreted
common90,90,business_segment,books,merchandise_cents,2,256704.0,256704.0,130092.0,383316.0,1.0,0.5,True,"[2017-01-01,2018-08-01)","mature by horizon OR same common90 sample, explicitly separated",seller count; group n<10 not interpreted
common90,90,business_segment,books,orders,2,37.0,37.0,19.5,54.5,1.0,0.5,True,"[2017-01-01,2018-08-01)","mature by horizon OR same common90 sample, explicitly separated",seller count; group n<10 not interpreted
common90,90,business_segment,books,items,2,37.5,37.5,19.75,55.25,1.0,0.5,True,"[2017-01-01,2018-08-01)","mature by horizon OR same common90 sample, explicitly separated",seller count; group n<10 not interpreted
common90,90,business_segment,books,time_to_first_delivered_days,2,27.057378472222222,27.057378472222222,16.905737847222223,37.209019097222225,1.0,0.5,True,"[2017-01-01,2018-08-01)","mature by horizon OR same common90 sample, explicitly separated",seller count; group n<10 not interpreted
common90,90,business_segment,car_accessories,merchandise_cents,6,148175.0,134870.0,76560.0,235765.0,1.0,0.6666666666666666,True,"[2017-01-01,2018-08-01)","mature by horizon OR same common90 sample, explicitly separated",seller count; group n<10 not interpreted
common90,90,business_segment,car_accessories,orders,6,6.333333333333333,5.5,2.0,10.5,1.0,0.6666666666666666,True,"[2017-01-01,2018-08-01)","mature by horizon OR same common90 sample, explicitly separated",seller count; group n<10 not interpreted
common90,90,business_segment,car_accessories,items,6,6.666666666666667,6.5,2.0,11.0,1.0,0.6666666666666666,True,"[2017-01-01,2018-08-01)","mature by horizon OR same common90 sample, explicitly separated",seller count; group n<10 not interpreted
common90,90,business_segment,car_accessories,time_to_first_delivered_days,6,50.85734760802469,51.28150462962963,28.36901909722222,75.65801793981481,1.0,0.6666666666666666,True,"[2017-01-01,2018-08-01)","mature by horizon OR same common90 sample, explicitly separated",seller count; group n<10 not interpreted
common90,90,business_segment,computers,merchandise_cents,3,49366.666666666664,20700.0,17850.0,66550.0,1.0,0.6666666666666666,True,"[2017-01-01,2018-08-01)","mature by horizon OR same common90 sample, explicitly separated",seller count; group n<10 not interpreted
common90,90,business_segment,computers,orders,3,5.0,4.0,2.5,7.0,1.0,0.6666666666666666,True,"[2017-01-01,2018-08-01)","mature by horizon OR same common90 sample, explicitly separated",seller count; group n<10 not interpreted
common90,90,business_segment,computers,items,3,5.666666666666667,6.0,3.5,8.0,1.0,0.6666666666666666,True,"[2017-01-01,2018-08-01)","mature by horizon OR same common90 sample, explicitly separated",seller count; group n<10 not interpreted
common90,90,business_segment,computers,time_to_first_delivered_days,3,38.96445601851852,33.13064814814815,23.445266203703703,51.56674189814815,1.0,0.6666666666666666,True,"[2017-01-01,2018-08-01)","mature by horizon OR same common90 sample, explicitly separated",seller count; group n<10 not interpreted
common90,90,business_segment,construction_tools_house_garden,merchandise_cents,11,119944.54545454546,108900.0,70973.0,130500.0,1.0,0.9090909090909091,False,"[2017-01-01,2018-08-01)","mature by horizon OR same common90 sample, explicitly separated",seller count; group n<10 not interpreted
common90,90,business_segment,construction_tools_house_garden,orders,11,8.818181818181818,9.0,4.5,12.5,1.0,0.9090909090909091,False,"[2017-01-01,2018-08-01)","mature by horizon OR same common90 sample, explicitly separated",seller count; group n<10 not interpreted
common90,90,business_segment,construction_tools_house_garden,items,11,10.818181818181818,11.0,4.5,15.0,1.0,0.9090909090909091,False,"[2017-01-01,2018-08-01)","mature by horizon OR same common90 sample, explicitly separated",seller count; group n<10 not interpreted
common90,90,business_segment,construction_tools_house_garden,time_to_first_delivered_days,11,25.697208543771044,20.84582175925926,11.79738425925926,33.88824652777778,1.0,0.9090909090909091,False,"[2017-01-01,2018-08-01)","mature by horizon OR same common90 sample, explicitly separated",seller count; group n<10 not interpreted
common90,90,business_segment,fashion_accessories,merchandise_cents,1,10480.0,10480.0,10480.0,10480.0,1.0,0.0,True,"[2017-01-01,2018-08-01)","mature by horizon OR same common90 sample, explicitly separated",seller count; group n<10 not interpreted
common90,90,business_segment,fashion_accessories,orders,1,2.0,2.0,2.0,2.0,1.0,0.0,True,"[2017-01-01,2018-08-01)","mature by horizon OR same common90 sample, explicitly separated",seller count; group n<10 not interpreted
common90,90,business_segment,fashion_accessories,items,1,2.0,2.0,2.0,2.0,1.0,0.0,True,"[2017-01-01,2018-08-01)","mature by horizon OR same common90 sample, explicitly separated",seller count; group n<10 not interpreted
common90,90,business_segment,fashion_accessories,time_to_first_delivered_days,1,81.63010416666667,81.63010416666667,81.63010416666667,81.63010416666667,1.0,0.0,True,"[2017-01-01,2018-08-01)","mature by horizon OR same common90 sample, explicitly separated",seller count; group n<10 not interpreted
common90,90,business_segment,food_drink,merchandise_cents,3,18730.0,10830.0,8205.0,25305.0,1.0,0.3333333333333333,True,"[2017-01-01,2018-08-01)","mature by horizon OR same common90 sample, explicitly separated",seller count; group n<10 not interpreted
common90,90,business_segment,food_drink,orders,3,3.3333333333333335,2.0,1.5,4.5,1.0,0.3333333333333333,True,"[2017-01-01,2018-08-01)","mature by horizon OR same common90 sample, explicitly separated",seller count; group n<10 not interpreted
common90,90,business_segment,food_drink,items,3,5.0,6.0,4.0,6.5,1.0,0.3333333333333333,True,"[2017-01-01,2018-08-01)","mature by horizon OR same common90 sample, explicitly separated",seller count; group n<10 not interpreted
common90,90,business_segment,food_drink,time_to_first_delivered_days,3,67.89944830246914,65.97697916666667,59.669079861111115,75.16858217592593,1.0,0.3333333333333333,True,"[2017-01-01,2018-08-01)","mature by horizon OR same common90 sample, explicitly separated",seller count; group n<10 not interpreted
common90,90,business_segment,food_supplement,merchandise_cents,3,216849.66666666666,200919.0,131409.5,294324.5,1.0,1.0,True,"[2017-01-01,2018-08-01)","mature by horizon OR same common90 sample, explicitly separated",seller count; group n<10 not interpreted
common90,90,business_segment,food_supplement,orders,3,17.666666666666668,12.0,10.5,22.0,1.0,1.0,True,"[2017-01-01,2018-08-01)","mature by horizon OR same common90 sample, explicitly separated",seller count; group n<10 not interpreted
common90,90,business_segment,food_supplement,items,3,21.333333333333332,13.0,13.0,25.5,1.0,1.0,True,"[2017-01-01,2018-08-01)","mature by horizon OR same common90 sample, explicitly separated",seller count; group n<10 not interpreted
common90,90,business_segment,food_supplement,time_to_first_delivered_days,3,21.94258101851852,10.94636574074074,10.891099537037036,27.49595486111111,1.0,1.0,True,"[2017-01-01,2018-08-01)","mature by horizon OR same common90 sample, explicitly separated",seller count; group n<10 not interpreted
common90,90,business_segment,gifts,merchandise_cents,1,18900.0,18900.0,18900.0,18900.0,1.0,0.0,True,"[2017-01-01,2018-08-01)","mature by horizon OR same common90 sample, explicitly separated",seller count; group n<10 not interpreted
common90,90,business_segment,gifts,orders,1,1.0,1.0,1.0,1.0,1.0,0.0,True,"[2017-01-01,2018-08-01)","mature by horizon OR same common90 sample, explicitly separated",seller count; group n<10 not interpreted
common90,90,business_segment,gifts,items,1,1.0,1.0,1.0,1.0,1.0,0.0,True,"[2017-01-01,2018-08-01)","mature by horizon OR same common90 sample, explicitly separated",seller count; group n<10 not interpreted
common90,90,business_segment,gifts,time_to_first_delivered_days,1,31.068090277777777,31.068090277777777,31.068090277777777,31.068090277777777,1.0,0.0,True,"[2017-01-01,2018-08-01)","mature by horizon OR same common90 sample, explicitly separated",seller count; group n<10 not interpreted
common90,90,business_segment,health_beauty,merchandise_cents,15,258143.6,62526.0,11770.0,152900.0,1.0,0.5333333333333333,False,"[2017-01-01,2018-08-01)","mature by horizon OR same common90 sample, explicitly separated",seller count; group n<10 not interpreted
common90,90,business_segment,health_beauty,orders,15,17.466666666666665,6.0,3.0,12.5,1.0,0.5333333333333333,False,"[2017-01-01,2018-08-01)","mature by horizon OR same common90 sample, explicitly separated",seller count; group n<10 not interpreted
common90,90,business_segment,health_beauty,items,15,21.666666666666668,8.0,4.0,13.5,1.0,0.5333333333333333,False,"[2017-01-01,2018-08-01)","mature by horizon OR same common90 sample, explicitly separated",seller count; group n<10 not interpreted
common90,90,business_segment,health_beauty,time_to_first_delivered_days,15,41.598736882716054,27.931284722222223,18.195983796296296,70.83182291666665,1.0,0.5333333333333333,False,"[2017-01-01,2018-08-01)","mature by horizon OR same common90 sample, explicitly separated",seller count; group n<10 not interpreted
common90,90,business_segment,home_appliances,merchandise_cents,1,145095.0,145095.0,145095.0,145095.0,1.0,0.0,True,"[2017-01-01,2018-08-01)","mature by horizon OR same common90 sample, explicitly separated",seller count; group n<10 not interpreted
common90,90,business_segment,home_appliances,orders,1,7.0,7.0,7.0,7.0,1.0,0.0,True,"[2017-01-01,2018-08-01)","mature by horizon OR same common90 sample, explicitly separated",seller count; group n<10 not interpreted
common90,90,business_segment,home_appliances,items,1,8.0,8.0,8.0,8.0,1.0,0.0,True,"[2017-01-01,2018-08-01)","mature by horizon OR same common90 sample, explicitly separated",seller count; group n<10 not interpreted
common90,90,business_segment,home_appliances,time_to_first_delivered_days,1,39.80773148148148,39.80773148148148,39.80773148148148,39.80773148148148,1.0,0.0,True,"[2017-01-01,2018-08-01)","mature by horizon OR same common90 sample, explicitly separated",seller count; group n<10 not interpreted
common90,90,business_segment,home_decor,merchandise_cents,12,93890.91666666667,40330.0,22488.25,99729.25,1.0,0.5,False,"[2017-01-01,2018-08-01)","mature by horizon OR same common90 sample, explicitly separated",seller count; group n<10 not interpreted
common90,90,business_segment,home_decor,orders,12,9.333333333333334,3.0,2.75,7.5,1.0,0.5,False,"[2017-01-01,2018-08-01)","mature by horizon OR same common90 sample, explicitly separated",seller count; group n<10 not interpreted
common90,90,business_segment,home_decor,items,12,12.333333333333334,4.5,2.75,14.0,1.0,0.5,False,"[2017-01-01,2018-08-01)","mature by horizon OR same common90 sample, explicitly separated",seller count; group n<10 not interpreted
common90,90,business_segment,home_decor,time_to_first_delivered_days,12,35.689935378086425,37.47793402777778,17.001218171296298,42.41846643518519,1.0,0.5,False,"[2017-01-01,2018-08-01)","mature by horizon OR same common90 sample, explicitly separated",seller count; group n<10 not interpreted
common90,90,business_segment,home_office_furniture,merchandise_cents,1,201400.0,201400.0,201400.0,201400.0,1.0,1.0,True,"[2017-01-01,2018-08-01)","mature by horizon OR same common90 sample, explicitly separated",seller count; group n<10 not interpreted
common90,90,business_segment,home_office_furniture,orders,1,13.0,13.0,13.0,13.0,1.0,1.0,True,"[2017-01-01,2018-08-01)","mature by horizon OR same common90 sample, explicitly separated",seller count; group n<10 not interpreted
common90,90,business_segment,home_office_furniture,items,1,13.0,13.0,13.0,13.0,1.0,1.0,True,"[2017-01-01,2018-08-01)","mature by horizon OR same common90 sample, explicitly separated",seller count; group n<10 not interpreted
common90,90,business_segment,home_office_furniture,time_to_first_delivered_days,1,63.71925925925926,63.71925925925926,63.71925925925926,63.71925925925926,1.0,1.0,True,"[2017-01-01,2018-08-01)","mature by horizon OR same common90 sample, explicitly separated",seller count; group n<10 not interpreted
common90,90,business_segment,household_utilities,merchandise_cents,14,113629.85714285714,60369.5,31105.0,184273.25,1.0,0.7857142857142857,False,"[2017-01-01,2018-08-01)","mature by horizon OR same common90 sample, explicitly separated",seller count; group n<10 not interpreted
common90,90,business_segment,household_utilities,orders,14,12.785714285714286,11.5,6.0,17.25,1.0,0.7857142857142857,False,"[2017-01-01,2018-08-01)","mature by horizon OR same common90 sample, explicitly separated",seller count; group n<10 not interpreted
common90,90,business_segment,household_utilities,items,14,14.642857142857142,11.5,7.25,22.5,1.0,0.7857142857142857,False,"[2017-01-01,2018-08-01)","mature by horizon OR same common90 sample, explicitly separated",seller count; group n<10 not interpreted
common90,90,business_segment,household_utilities,time_to_first_delivered_days,14,30.794309689153437,25.176006944444445,18.229123263888887,34.056299189814816,1.0,0.7857142857142857,False,"[2017-01-01,2018-08-01)","mature by horizon OR same common90 sample, explicitly separated",seller count; group n<10 not interpreted
common90,90,business_segment,music_instruments,merchandise_cents,2,185607.0,185607.0,175285.5,195928.5,1.0,1.0,True,"[2017-01-01,2018-08-01)","mature by horizon OR same common90 sample, explicitly separated",seller count; group n<10 not interpreted
common90,90,business_segment,music_instruments,orders,2,8.0,8.0,7.5,8.5,1.0,1.0,True,"[2017-01-01,2018-08-01)","mature by horizon OR same common90 sample, explicitly separated",seller count; group n<10 not interpreted
common90,90,business_segment,music_instruments,items,2,8.0,8.0,7.5,8.5,1.0,1.0,True,"[2017-01-01,2018-08-01)","mature by horizon OR same common90 sample, explicitly separated",seller count; group n<10 not interpreted
common90,90,business_segment,music_instruments,time_to_first_delivered_days,2,29.380850694444444,29.380850694444444,21.123214699074076,37.63848668981481,1.0,1.0,True,"[2017-01-01,2018-08-01)","mature by horizon OR same common90 sample, explicitly separated",seller count; group n<10 not interpreted
common90,90,business_segment,pet,merchandise_cents,9,127005.33333333333,72955.0,56970.0,89935.0,1.0,0.6666666666666666,True,"[2017-01-01,2018-08-01)","mature by horizon OR same common90 sample, explicitly separated",seller count; group n<10 not interpreted
common90,90,business_segment,pet,orders,9,10.555555555555555,5.0,2.0,11.0,1.0,0.6666666666666666,True,"[2017-01-01,2018-08-01)","mature by horizon OR same common90 sample, explicitly separated",seller count; group n<10 not interpreted
common90,90,business_segment,pet,items,9,12.0,5.0,3.0,12.0,1.0,0.6666666666666666,True,"[2017-01-01,2018-08-01)","mature by horizon OR same common90 sample, explicitly separated",seller count; group n<10 not interpreted
common90,90,business_segment,pet,time_to_first_delivered_days,9,39.30185956790123,38.799502314814816,28.73929398148148,48.03768518518518,1.0,0.6666666666666666,True,"[2017-01-01,2018-08-01)","mature by horizon OR same common90 sample, explicitly separated",seller count; group n<10 not interpreted
common90,90,business_segment,phone_mobile,merchandise_cents,2,100235.0,100235.0,57352.5,143117.5,1.0,1.0,True,"[2017-01-01,2018-08-01)","mature by horizon OR same common90 sample, explicitly separated",seller count; group n<10 not interpreted
common90,90,business_segment,phone_mobile,orders,2,14.0,14.0,8.5,19.5,1.0,1.0,True,"[2017-01-01,2018-08-01)","mature by horizon OR same common90 sample, explicitly separated",seller count; group n<10 not interpreted
common90,90,business_segment,phone_mobile,items,2,14.5,14.5,8.75,20.25,1.0,1.0,True,"[2017-01-01,2018-08-01)","mature by horizon OR same common90 sample, explicitly separated",seller count; group n<10 not interpreted
common90,90,business_segment,phone_mobile,time_to_first_delivered_days,2,43.882592592592594,43.882592592592594,35.33552662037037,52.429658564814815,1.0,1.0,True,"[2017-01-01,2018-08-01)","mature by horizon OR same common90 sample, explicitly separated",seller count; group n<10 not interpreted
common90,90,business_segment,small_appliances,merchandise_cents,1,3883750.0,3883750.0,3883750.0,3883750.0,1.0,1.0,True,"[2017-01-01,2018-08-01)","mature by horizon OR same common90 sample, explicitly separated",seller count; group n<10 not interpreted
common90,90,business_segment,small_appliances,orders,1,33.0,33.0,33.0,33.0,1.0,1.0,True,"[2017-01-01,2018-08-01)","mature by horizon OR same common90 sample, explicitly separated",seller count; group n<10 not interpreted
common90,90,business_segment,small_appliances,items,1,33.0,33.0,33.0,33.0,1.0,1.0,True,"[2017-01-01,2018-08-01)","mature by horizon OR same common90 sample, explicitly separated",seller count; group n<10 not interpreted
common90,90,business_segment,small_appliances,time_to_first_delivered_days,1,15.817106481481481,15.817106481481481,15.817106481481481,15.817106481481481,1.0,1.0,True,"[2017-01-01,2018-08-01)","mature by horizon OR same common90 sample, explicitly separated",seller count; group n<10 not interpreted
common90,90,business_segment,sports_leisure,merchandise_cents,4,163941.25,159917.5,31388.75,292470.0,1.0,0.75,True,"[2017-01-01,2018-08-01)","mature by horizon OR same common90 sample, explicitly separated",seller count; group n<10 not interpreted
common90,90,business_segment,sports_leisure,orders,4,18.0,15.5,5.5,28.0,1.0,0.75,True,"[2017-01-01,2018-08-01)","mature by horizon OR same common90 sample, explicitly separated",seller count; group n<10 not interpreted
common90,90,business_segment,sports_leisure,items,4,19.0,15.5,5.5,29.0,1.0,0.75,True,"[2017-01-01,2018-08-01)","mature by horizon OR same common90 sample, explicitly separated",seller count; group n<10 not interpreted
common90,90,business_segment,sports_leisure,time_to_first_delivered_days,4,12.225283564814816,11.614097222222222,7.2145428240740745,16.624837962962964,1.0,0.75,True,"[2017-01-01,2018-08-01)","mature by horizon OR same common90 sample, explicitly separated",seller count; group n<10 not interpreted
common90,90,business_segment,stationery,merchandise_cents,3,85024.0,45920.0,32376.0,118120.0,1.0,1.0,True,"[2017-01-01,2018-08-01)","mature by horizon OR same common90 sample, explicitly separated",seller count; group n<10 not interpreted
common90,90,business_segment,stationery,orders,3,4.666666666666667,5.0,4.0,5.5,1.0,1.0,True,"[2017-01-01,2018-08-01)","mature by horizon OR same common90 sample, explicitly separated",seller count; group n<10 not interpreted
common90,90,business_segment,stationery,items,3,4.666666666666667,5.0,4.0,5.5,1.0,1.0,True,"[2017-01-01,2018-08-01)","mature by horizon OR same common90 sample, explicitly separated",seller count; group n<10 not interpreted
common90,90,business_segment,stationery,time_to_first_delivered_days,3,14.703445216049383,13.355543981481482,8.758605324074075,19.97433449074074,1.0,1.0,True,"[2017-01-01,2018-08-01)","mature by horizon OR same common90 sample, explicitly separated",seller count; group n<10 not interpreted
common90,90,business_segment,toys,merchandise_cents,5,42191.8,39800.0,8990.0,66490.0,1.0,0.4,True,"[2017-01-01,2018-08-01)","mature by horizon OR same common90 sample, explicitly separated",seller count; group n<10 not interpreted
common90,90,business_segment,toys,orders,5,8.4,2.0,1.0,9.0,1.0,0.4,True,"[2017-01-01,2018-08-01)","mature by horizon OR same common90 sample, explicitly separated",seller count; group n<10 not interpreted
common90,90,business_segment,toys,items,5,9.4,2.0,1.0,10.0,1.0,0.4,True,"[2017-01-01,2018-08-01)","mature by horizon OR same common90 sample, explicitly separated",seller count; group n<10 not interpreted
common90,90,business_segment,toys,time_to_first_delivered_days,5,23.529717592592593,18.87130787037037,12.420902777777778,23.152673611111112,1.0,0.4,True,"[2017-01-01,2018-08-01)","mature by horizon OR same common90 sample, explicitly separated",seller count; group n<10 not interpreted
common90,90,business_segment,watches,merchandise_cents,1,8305972.0,8305972.0,8305972.0,8305972.0,1.0,1.0,True,"[2017-01-01,2018-08-01)","mature by horizon OR same common90 sample, explicitly separated",seller count; group n<10 not interpreted
common90,90,business_segment,watches,orders,1,420.0,420.0,420.0,420.0,1.0,1.0,True,"[2017-01-01,2018-08-01)","mature by horizon OR same common90 sample, explicitly separated",seller count; group n<10 not interpreted
common90,90,business_segment,watches,items,1,433.0,433.0,433.0,433.0,1.0,1.0,True,"[2017-01-01,2018-08-01)","mature by horizon OR same common90 sample, explicitly separated",seller count; group n<10 not interpreted
common90,90,business_segment,watches,time_to_first_delivered_days,1,6.160763888888889,6.160763888888889,6.160763888888889,6.160763888888889,1.0,1.0,True,"[2017-01-01,2018-08-01)","mature by horizon OR same common90 sample, explicitly separated",seller count; group n<10 not interpreted
